{
  "id": "32fd16ef-0c85-4856-85c3-5d30c120cc34",
  "revision": 0,
  "last_node_id": 35,
  "last_link_id": 49,
  "nodes": [
    {
      "id": 3,
      "type": "LoraLoader",
      "pos": [
        86.03050231933594,
        264.6168212890625
      ],
      "size": [
        315,
        126
      ],
      "flags": {},
      "order": 5,
      "mode": 4,
      "inputs": [
        {
          "name": "model",
          "type": "MODEL",
          "link": 2
        },
        {
          "name": "clip",
          "type": "CLIP",
          "link": 3
        }
      ],
      "outputs": [
        {
          "name": "MODEL",
          "type": "MODEL",
          "links": [
            4
          ]
        },
        {
          "name": "CLIP",
          "type": "CLIP",
          "links": [
            5
          ]
        }
      ],
      "title": "追加LoRAを読み込む",
      "properties": {
        "cnr_id": "comfy-core",
        "ver": "0.3.27",
        "Node name for S&R": "LoraLoader"
      },
      "widgets_values": [
        "dmd2_sdxl_4step_lora_fp16.safetensors",
        1,
        1
      ]
    },
    {
      "id": 11,
      "type": "VAEDecode",
      "pos": [
        1246.1610107421875,
        99.17088317871094
      ],
      "size": [
        210,
        46
      ],
      "flags": {},
      "order": 24,
      "mode": 0,
      "inputs": [
        {
          "name": "samples",
          "type": "LATENT",
          "link": 13
        },
        {
          "name": "vae",
          "type": "VAE",
          "link": 14
        }
      ],
      "outputs": [
        {
          "name": "IMAGE",
          "type": "IMAGE",
          "links": [
            15
          ]
        }
      ],
      "properties": {
        "cnr_id": "comfy-core",
        "ver": "0.3.27",
        "Node name for S&R": "VAEDecode"
      },
      "widgets_values": []
    },
    {
      "id": 6,
      "type": "CLIPTextEncode",
      "pos": [
        450.48236083984375,
        378.7198791503906
      ],
      "size": [
        400,
        200
      ],
      "flags": {},
      "order": 10,
      "mode": 0,
      "inputs": [
        {
          "name": "clip",
          "type": "CLIP",
          "link": 8
        }
      ],
      "outputs": [
        {
          "name": "CONDITIONING",
          "type": "CONDITIONING",
          "links": [
            11
          ]
        }
      ],
      "title": "ネガティブプロンプト",
      "properties": {
        "cnr_id": "comfy-core",
        "ver": "0.3.27",
        "Node name for S&R": "CLIPTextEncode"
      },
      "widgets_values": [
        "bad quality, worst quality, text, signature"
      ],
      "color": "#332922",
      "bgcolor": "#593930"
    },
    {
      "id": 8,
      "type": "KSampler",
      "pos": [
        890.5201416015625,
        97.47689819335938
      ],
      "size": [
        315,
        262
      ],
      "flags": {},
      "order": 23,
      "mode": 0,
      "inputs": [
        {
          "name": "model",
          "type": "MODEL",
          "link": 9
        },
        {
          "name": "positive",
          "type": "CONDITIONING",
          "link": 29
        },
        {
          "name": "negative",
          "type": "CONDITIONING",
          "link": 11
        },
        {
          "name": "latent_image",
          "type": "LATENT",
          "link": 19
        }
      ],
      "outputs": [
        {
          "name": "LATENT",
          "type": "LATENT",
          "links": [
            13
          ]
        }
      ],
      "properties": {
        "cnr_id": "comfy-core",
        "ver": "0.3.27",
        "Node name for S&R": "KSampler"
      },
      "widgets_values": [
        848876165802712,
        "randomize",
        8,
        2,
        "lcm",
        "simple",
        0.7000000000000002
      ],
      "color": "#232",
      "bgcolor": "#353"
    },
    {
      "id": 7,
      "type": "MarkdownNote",
      "pos": [
        -210.5795135498047,
        96.26685333251953
      ],
      "size": [
        280.0299987792969,
        564.5700073242188
      ],
      "flags": {},
      "order": 0,
      "mode": 0,
      "inputs": [],
      "outputs": [],
      "properties": {},
      "widgets_values": [
        "# 推奨モデル\nダウンロードしたモデルはComfyUIフォルダのmodelsのcheckpointsに移動し、『チェックポイントを読み込む』ノードで設定。\n\n## アニメ調\nサイトにアクセスしてモデルの使用上の注意を読んでください。\n- [Illustrious-XL-v1.1](https://huggingface.co/OnomaAIResearch/Illustrious-XL-v1.1)\n- [Illustrious-XL-v1.1.safetensors\n](https://huggingface.co/OnomaAIResearch/Illustrious-XL-v1.1/blob/main/Illustrious-XL-v1.1.safetensors)をダウンロード\n\n## リアル調\n- [fuduki_mix](https://huggingface.co/Kotajiro/fuduki_mix \n)\n- [fuduki_mix_v20.safetensors](https://huggingface.co/Kotajiro/fuduki_mix/blob/main/fuduki_mix_v20.safetensors)をダウンロード\n\n# 高速化LoRA\nダウンロードしたモデルはComfyUIフォルダのmodelsのlorasに移動し、『高速化LoRAを読み込む』ノードで設定。\n\n- [DMD2](https://huggingface.co/tianweiy/DMD2)\n- [dmd2_sdxl_4step_lora_fp16.safetensors](https://huggingface.co/tianweiy/DMD2/blob/main/dmd2_sdxl_4step_lora_fp16.safetensors) をダウンロード\n\n## その他\n- [civitai](https://civitai.com/)\nモデルやLoRAはこちらから探せます"
      ],
      "color": "#432",
      "bgcolor": "#653"
    },
    {
      "id": 14,
      "type": "EmptyLatentImage",
      "pos": [
        894.2222900390625,
        454.1748046875
      ],
      "size": [
        315,
        106
      ],
      "flags": {},
      "order": 1,
      "mode": 0,
      "inputs": [],
      "outputs": [
        {
          "name": "LATENT",
          "type": "LATENT",
          "links": [
            19
          ]
        }
      ],
      "properties": {
        "cnr_id": "comfy-core",
        "ver": "0.3.27",
        "Node name for S&R": "EmptyLatentImage"
      },
      "widgets_values": [
        1152,
        896,
        1
      ],
      "color": "#332922",
      "bgcolor": "#593930"
    },
    {
      "id": 10,
      "type": "SaveImage",
      "pos": [
        1250.1529541015625,
        201.6580810546875
      ],
      "size": [
        319.3999938964844,
        282
      ],
      "flags": {},
      "order": 25,
      "mode": 0,
      "inputs": [
        {
          "name": "images",
          "type": "IMAGE",
          "link": 15
        }
      ],
      "outputs": [],
      "properties": {
        "cnr_id": "comfy-core",
        "ver": "0.3.27"
      },
      "widgets_values": [
        "ComfyUI",
        ""
      ]
    },
    {
      "id": 2,
      "type": "LoraLoader",
      "pos": [
        90.71049499511719,
        450.79693603515625
      ],
      "size": [
        315,
        126
      ],
      "flags": {},
      "order": 7,
      "mode": 0,
      "inputs": [
        {
          "name": "model",
          "type": "MODEL",
          "link": 4
        },
        {
          "name": "clip",
          "type": "CLIP",
          "link": 5
        }
      ],
      "outputs": [
        {
          "name": "MODEL",
          "type": "MODEL",
          "links": [
            9
          ]
        },
        {
          "name": "CLIP",
          "type": "CLIP",
          "links": [
            8,
            20,
            30
          ]
        }
      ],
      "title": "高速化LoRAを読み込む",
      "properties": {
        "cnr_id": "comfy-core",
        "ver": "0.3.27",
        "Node name for S&R": "LoraLoader"
      },
      "widgets_values": [
        "dmd2_sdxl_4step_lora_fp16.safetensors",
        1,
        1
      ],
      "color": "#232",
      "bgcolor": "#353"
    },
    {
      "id": 1,
      "type": "CheckpointLoaderSimple",
      "pos": [
        87.0804443359375,
        101.10685729980469
      ],
      "size": [
        315,
        98
      ],
      "flags": {},
      "order": 2,
      "mode": 0,
      "inputs": [],
      "outputs": [
        {
          "name": "MODEL",
          "type": "MODEL",
          "links": [
            2
          ]
        },
        {
          "name": "CLIP",
          "type": "CLIP",
          "links": [
            3
          ]
        },
        {
          "name": "VAE",
          "type": "VAE",
          "links": [
            14
          ]
        }
      ],
      "properties": {
        "cnr_id": "comfy-core",
        "ver": "0.3.27",
        "Node name for S&R": "CheckpointLoaderSimple"
      },
      "widgets_values": [
        "Illustrious-XL-v1.1.safetensors"
      ],
      "color": "#232",
      "bgcolor": "#353"
    },
    {
      "id": 17,
      "type": "CLIPSetLastLayer",
      "pos": [
        -294.2612609863281,
        -167.53390502929688
      ],
      "size": [
        315,
        58
      ],
      "flags": {},
      "order": 11,
      "mode": 0,
      "inputs": [
        {
          "name": "clip",
          "type": "CLIP",
          "link": 20
        }
      ],
      "outputs": [
        {
          "name": "CLIP",
          "type": "CLIP",
          "links": [
            21,
            22
          ]
        }
      ],
      "properties": {
        "cnr_id": "comfy-core",
        "ver": "0.3.27",
        "Node name for S&R": "CLIPSetLastLayer"
      },
      "widgets_values": [
        -2
      ]
    },
    {
      "id": 5,
      "type": "CLIPTextEncode",
      "pos": [
        491.3309326171875,
        -147.5923614501953
      ],
      "size": [
        400,
        200
      ],
      "flags": {},
      "order": 15,
      "mode": 0,
      "inputs": [
        {
          "name": "clip",
          "type": "CLIP",
          "link": 21
        }
      ],
      "outputs": [
        {
          "name": "CONDITIONING",
          "type": "CONDITIONING",
          "links": [
            36
          ]
        }
      ],
      "title": "右側ポジティブプロンプト",
      "properties": {
        "cnr_id": "comfy-core",
        "ver": "0.3.27",
        "Node name for S&R": "CLIPTextEncode"
      },
      "widgets_values": [
        "2girls, classroom, looking at viewer, standing, black hair, red eyes, long hair, school uniform, official art, anime coloring"
      ],
      "color": "#332922",
      "bgcolor": "#593930"
    },
    {
      "id": 16,
      "type": "CLIPTextEncode",
      "pos": [
        73.17169952392578,
        -147.68521118164062
      ],
      "size": [
        400,
        200
      ],
      "flags": {},
      "order": 16,
      "mode": 0,
      "inputs": [
        {
          "name": "clip",
          "type": "CLIP",
          "link": 22
        }
      ],
      "outputs": [
        {
          "name": "CONDITIONING",
          "type": "CONDITIONING",
          "links": [
            34
          ]
        }
      ],
      "title": "左側ポジティブプロンプト",
      "properties": {
        "cnr_id": "comfy-core",
        "ver": "0.3.27",
        "Node name for S&R": "CLIPTextEncode"
      },
      "widgets_values": [
        "2girls, classroom, looking at viewer, standing, blonde hair, blue eyes, two-side up, school uniform,  official art, anime coloring"
      ],
      "color": "#332922",
      "bgcolor": "#593930"
    },
    {
      "id": 22,
      "type": "CLIPTextEncode",
      "pos": [
        447.0840148925781,
        118.28369903564453
      ],
      "size": [
        400,
        200
      ],
      "flags": {},
      "order": 12,
      "mode": 0,
      "inputs": [
        {
          "name": "clip",
          "type": "CLIP",
          "link": 30
        }
      ],
      "outputs": [
        {
          "name": "CONDITIONING",
          "type": "CONDITIONING",
          "links": [
            32
          ]
        }
      ],
      "title": "全体ポジティブプロンプト",
      "properties": {
        "cnr_id": "comfy-core",
        "ver": "0.3.27",
        "Node name for S&R": "CLIPTextEncode"
      },
      "widgets_values": [
        "2girls, classroom, looking at viewer, standing, official art, anime coloring"
      ],
      "color": "#332922",
      "bgcolor": "#593930"
    },
    {
      "id": 21,
      "type": "ConditioningCombine",
      "pos": [
        1314.468505859375,
        -9.164758682250977
      ],
      "size": [
        210,
        46
      ],
      "flags": {},
      "order": 22,
      "mode": 0,
      "inputs": [
        {
          "name": "conditioning_1",
          "type": "CONDITIONING",
          "link": 28
        },
        {
          "name": "conditioning_2",
          "type": "CONDITIONING",
          "link": 33
        }
      ],
      "outputs": [
        {
          "name": "CONDITIONING",
          "type": "CONDITIONING",
          "links": [
            29
          ]
        }
      ],
      "properties": {
        "cnr_id": "comfy-core",
        "ver": "0.3.27",
        "Node name for S&R": "ConditioningCombine"
      }
    },
    {
      "id": 32,
      "type": "InvertMask",
      "pos": [
        956.0437622070312,
        -27.048446655273438
      ],
      "size": [
        210,
        26
      ],
      "flags": {},
      "order": 9,
      "mode": 0,
      "inputs": [
        {
          "name": "mask",
          "type": "MASK",
          "link": 46
        }
      ],
      "outputs": [
        {
          "name": "MASK",
          "type": "MASK",
          "links": [
            47,
            48
          ]
        }
      ],
      "properties": {
        "cnr_id": "comfy-core",
        "ver": "0.3.27",
        "Node name for S&R": "InvertMask"
      }
    },
    {
      "id": 35,
      "type": "PreviewImage",
      "pos": [
        451.6339416503906,
        -766.1992797851562
      ],
      "size": [
        210,
        246
      ],
      "flags": {},
      "order": 18,
      "mode": 0,
      "inputs": [
        {
          "name": "images",
          "type": "IMAGE",
          "link": 49
        }
      ],
      "outputs": [],
      "properties": {
        "cnr_id": "comfy-core",
        "ver": "0.3.27",
        "Node name for S&R": "PreviewImage"
      },
      "widgets_values": [
        ""
      ]
    },
    {
      "id": 31,
      "type": "PreviewImage",
      "pos": [
        102.99391174316406,
        -774.8291625976562
      ],
      "size": [
        210,
        246
      ],
      "flags": {},
      "order": 13,
      "mode": 0,
      "inputs": [
        {
          "name": "images",
          "type": "IMAGE",
          "link": 44
        }
      ],
      "outputs": [],
      "properties": {
        "cnr_id": "comfy-core",
        "ver": "0.3.27",
        "Node name for S&R": "PreviewImage"
      },
      "widgets_values": [
        ""
      ]
    },
    {
      "id": 29,
      "type": "SolidMask",
      "pos": [
        81.21395874023438,
        -462.64849853515625
      ],
      "size": [
        315,
        106
      ],
      "flags": {},
      "order": 3,
      "mode": 0,
      "inputs": [],
      "outputs": [
        {
          "name": "MASK",
          "type": "MASK",
          "links": [
            42
          ]
        }
      ],
      "properties": {
        "cnr_id": "comfy-core",
        "ver": "0.3.27",
        "Node name for S&R": "SolidMask"
      },
      "widgets_values": [
        0,
        1152,
        896
      ],
      "color": "#332922",
      "bgcolor": "#593930"
    },
    {
      "id": 28,
      "type": "MaskComposite",
      "pos": [
        850.7743530273438,
        -467.4884338378906
      ],
      "size": [
        315,
        126
      ],
      "flags": {},
      "order": 6,
      "mode": 0,
      "inputs": [
        {
          "name": "destination",
          "type": "MASK",
          "link": 42
        },
        {
          "name": "source",
          "type": "MASK",
          "link": 41
        }
      ],
      "outputs": [
        {
          "name": "MASK",
          "type": "MASK",
          "links": [
            43,
            45,
            46
          ]
        }
      ],
      "properties": {
        "cnr_id": "comfy-core",
        "ver": "0.3.27",
        "Node name for S&R": "MaskComposite"
      },
      "widgets_values": [
        0,
        0,
        "add"
      ]
    },
    {
      "id": 34,
      "type": "MaskToImage",
      "pos": [
        1211.513671875,
        -483.05810546875
      ],
      "size": [
        210,
        26
      ],
      "flags": {},
      "order": 14,
      "mode": 0,
      "inputs": [
        {
          "name": "mask",
          "type": "MASK",
          "link": 48
        }
      ],
      "outputs": [
        {
          "name": "IMAGE",
          "type": "IMAGE",
          "links": [
            49
          ]
        }
      ],
      "properties": {
        "cnr_id": "comfy-core",
        "ver": "0.3.27",
        "Node name for S&R": "MaskToImage"
      }
    },
    {
      "id": 30,
      "type": "MaskToImage",
      "pos": [
        1219.8238525390625,
        -410.617919921875
      ],
      "size": [
        210,
        26
      ],
      "flags": {},
      "order": 8,
      "mode": 0,
      "inputs": [
        {
          "name": "mask",
          "type": "MASK",
          "link": 43
        }
      ],
      "outputs": [
        {
          "name": "IMAGE",
          "type": "IMAGE",
          "links": [
            44
          ]
        }
      ],
      "properties": {
        "cnr_id": "comfy-core",
        "ver": "0.3.27",
        "Node name for S&R": "MaskToImage"
      }
    },
    {
      "id": 15,
      "type": "ConditioningCombine",
      "pos": [
        1313.08056640625,
        -296.696044921875
      ],
      "size": [
        210,
        46
      ],
      "flags": {},
      "order": 21,
      "mode": 0,
      "inputs": [
        {
          "name": "conditioning_1",
          "type": "CONDITIONING",
          "link": 38
        },
        {
          "name": "conditioning_2",
          "type": "CONDITIONING",
          "link": 39
        }
      ],
      "outputs": [
        {
          "name": "CONDITIONING",
          "type": "CONDITIONING",
          "links": [
            28
          ]
        }
      ],
      "properties": {
        "cnr_id": "comfy-core",
        "ver": "0.3.27",
        "Node name for S&R": "ConditioningCombine"
      }
    },
    {
      "id": 26,
      "type": "ConditioningSetMask",
      "pos": [
        489.1435546875,
        -301.5582275390625
      ],
      "size": [
        315,
        102
      ],
      "flags": {},
      "order": 19,
      "mode": 0,
      "inputs": [
        {
          "name": "conditioning",
          "type": "CONDITIONING",
          "link": 36
        },
        {
          "name": "mask",
          "type": "MASK",
          "link": 47
        }
      ],
      "outputs": [
        {
          "name": "CONDITIONING",
          "type": "CONDITIONING",
          "links": [
            39
          ]
        }
      ],
      "properties": {
        "cnr_id": "comfy-core",
        "ver": "0.3.27",
        "Node name for S&R": "ConditioningSetMask"
      },
      "widgets_values": [
        0.8000000000000002,
        "default"
      ],
      "color": "#232",
      "bgcolor": "#353"
    },
    {
      "id": 25,
      "type": "ConditioningSetMask",
      "pos": [
        83.6338882446289,
        -296.8785095214844
      ],
      "size": [
        315,
        102
      ],
      "flags": {},
      "order": 20,
      "mode": 0,
      "inputs": [
        {
          "name": "conditioning",
          "type": "CONDITIONING",
          "link": 34
        },
        {
          "name": "mask",
          "type": "MASK",
          "link": 45
        }
      ],
      "outputs": [
        {
          "name": "CONDITIONING",
          "type": "CONDITIONING",
          "links": [
            38
          ]
        }
      ],
      "properties": {
        "cnr_id": "comfy-core",
        "ver": "0.3.27",
        "Node name for S&R": "ConditioningSetMask"
      },
      "widgets_values": [
        0.8000000000000002,
        "default"
      ],
      "color": "#232",
      "bgcolor": "#353"
    },
    {
      "id": 27,
      "type": "SolidMask",
      "pos": [
        490.1439514160156,
        -452.118408203125
      ],
      "size": [
        315,
        106
      ],
      "flags": {},
      "order": 4,
      "mode": 0,
      "inputs": [],
      "outputs": [
        {
          "name": "MASK",
          "type": "MASK",
          "links": [
            41
          ]
        }
      ],
      "properties": {
        "cnr_id": "comfy-core",
        "ver": "0.3.27",
        "Node name for S&R": "SolidMask"
      },
      "widgets_values": [
        1,
        576,
        896
      ],
      "color": "#332922",
      "bgcolor": "#593930"
    },
    {
      "id": 23,
      "type": "ConditioningSetAreaStrength",
      "pos": [
        859.266845703125,
        -287.22283935546875
      ],
      "size": [
        315,
        58
      ],
      "flags": {},
      "order": 17,
      "mode": 0,
      "inputs": [
        {
          "name": "conditioning",
          "type": "CONDITIONING",
          "link": 32
        }
      ],
      "outputs": [
        {
          "name": "CONDITIONING",
          "type": "CONDITIONING",
          "links": [
            33
          ]
        }
      ],
      "properties": {
        "cnr_id": "comfy-core",
        "ver": "0.3.27",
        "Node name for S&R": "ConditioningSetAreaStrength"
      },
      "widgets_values": [
        0.6000000000000001
      ],
      "color": "#232",
      "bgcolor": "#353"
    }
  ],
  "links": [
    [
      2,
      1,
      0,
      3,
      0,
      "MODEL"
    ],
    [
      3,
      1,
      1,
      3,
      1,
      "CLIP"
    ],
    [
      4,
      3,
      0,
      2,
      0,
      "MODEL"
    ],
    [
      5,
      3,
      1,
      2,
      1,
      "CLIP"
    ],
    [
      8,
      2,
      1,
      6,
      0,
      "CLIP"
    ],
    [
      9,
      2,
      0,
      8,
      0,
      "MODEL"
    ],
    [
      11,
      6,
      0,
      8,
      2,
      "CONDITIONING"
    ],
    [
      13,
      8,
      0,
      11,
      0,
      "LATENT"
    ],
    [
      14,
      1,
      2,
      11,
      1,
      "VAE"
    ],
    [
      15,
      11,
      0,
      10,
      0,
      "IMAGE"
    ],
    [
      19,
      14,
      0,
      8,
      3,
      "LATENT"
    ],
    [
      20,
      2,
      1,
      17,
      0,
      "CLIP"
    ],
    [
      21,
      17,
      0,
      5,
      0,
      "CLIP"
    ],
    [
      22,
      17,
      0,
      16,
      0,
      "CLIP"
    ],
    [
      28,
      15,
      0,
      21,
      0,
      "CONDITIONING"
    ],
    [
      29,
      21,
      0,
      8,
      1,
      "CONDITIONING"
    ],
    [
      30,
      2,
      1,
      22,
      0,
      "CLIP"
    ],
    [
      32,
      22,
      0,
      23,
      0,
      "CONDITIONING"
    ],
    [
      33,
      23,
      0,
      21,
      1,
      "CONDITIONING"
    ],
    [
      34,
      16,
      0,
      25,
      0,
      "CONDITIONING"
    ],
    [
      36,
      5,
      0,
      26,
      0,
      "CONDITIONING"
    ],
    [
      38,
      25,
      0,
      15,
      0,
      "CONDITIONING"
    ],
    [
      39,
      26,
      0,
      15,
      1,
      "CONDITIONING"
    ],
    [
      41,
      27,
      0,
      28,
      1,
      "MASK"
    ],
    [
      42,
      29,
      0,
      28,
      0,
      "MASK"
    ],
    [
      43,
      28,
      0,
      30,
      0,
      "MASK"
    ],
    [
      44,
      30,
      0,
      31,
      0,
      "IMAGE"
    ],
    [
      45,
      28,
      0,
      25,
      1,
      "MASK"
    ],
    [
      46,
      28,
      0,
      32,
      0,
      "MASK"
    ],
    [
      47,
      32,
      0,
      26,
      1,
      "MASK"
    ],
    [
      48,
      32,
      0,
      34,
      0,
      "MASK"
    ],
    [
      49,
      34,
      0,
      35,
      0,
      "IMAGE"
    ]
  ],
  "groups": [],
  "config": {},
  "extra": {
    "ds": {
      "scale": 1.1000000000000008,
      "offset": [
        74.01856505453681,
        443.36452299217535
      ]
    },
    "VHS_latentpreview": false,
    "VHS_latentpreviewrate": 0,
    "VHS_MetadataImage": true,
    "VHS_KeepIntermediate": true
  },
  "version": 0.4
}