{
  "id": "32fd16ef-0c85-4856-85c3-5d30c120cc34",
  "revision": 0,
  "last_node_id": 25,
  "last_link_id": 46,
  "nodes": [
    {
      "id": 3,
      "type": "LoraLoader",
      "pos": [
        86.03050231933594,
        264.6168212890625
      ],
      "size": [
        315,
        126
      ],
      "flags": {},
      "order": 5,
      "mode": 4,
      "inputs": [
        {
          "name": "model",
          "type": "MODEL",
          "link": 2
        },
        {
          "name": "clip",
          "type": "CLIP",
          "link": 3
        }
      ],
      "outputs": [
        {
          "name": "MODEL",
          "type": "MODEL",
          "links": [
            4
          ]
        },
        {
          "name": "CLIP",
          "type": "CLIP",
          "links": [
            5
          ]
        }
      ],
      "title": "追加LoRAを読み込む",
      "properties": {
        "cnr_id": "comfy-core",
        "ver": "0.3.27",
        "Node name for S&R": "LoraLoader"
      },
      "widgets_values": [
        "dmd2_sdxl_4step_lora_fp16.safetensors",
        1,
        1
      ]
    },
    {
      "id": 2,
      "type": "LoraLoader",
      "pos": [
        90.71049499511719,
        450.79693603515625
      ],
      "size": [
        315,
        126
      ],
      "flags": {},
      "order": 7,
      "mode": 0,
      "inputs": [
        {
          "name": "model",
          "type": "MODEL",
          "link": 4
        },
        {
          "name": "clip",
          "type": "CLIP",
          "link": 5
        }
      ],
      "outputs": [
        {
          "name": "MODEL",
          "type": "MODEL",
          "links": [
            9
          ]
        },
        {
          "name": "CLIP",
          "type": "CLIP",
          "links": [
            7,
            8
          ]
        }
      ],
      "title": "高速化LoRAを読み込む",
      "properties": {
        "cnr_id": "comfy-core",
        "ver": "0.3.27",
        "Node name for S&R": "LoraLoader"
      },
      "widgets_values": [
        "dmd2_sdxl_4step_lora_fp16.safetensors",
        1,
        1
      ],
      "color": "#232",
      "bgcolor": "#353"
    },
    {
      "id": 11,
      "type": "VAEDecode",
      "pos": [
        1246.1610107421875,
        99.17088317871094
      ],
      "size": [
        210,
        46
      ],
      "flags": {},
      "order": 12,
      "mode": 0,
      "inputs": [
        {
          "name": "samples",
          "type": "LATENT",
          "link": 13
        },
        {
          "name": "vae",
          "type": "VAE",
          "link": 14
        }
      ],
      "outputs": [
        {
          "name": "IMAGE",
          "type": "IMAGE",
          "links": [
            15
          ]
        }
      ],
      "properties": {
        "cnr_id": "comfy-core",
        "ver": "0.3.27",
        "Node name for S&R": "VAEDecode"
      },
      "widgets_values": []
    },
    {
      "id": 10,
      "type": "SaveImage",
      "pos": [
        1250.1529541015625,
        201.6580810546875
      ],
      "size": [
        315,
        270
      ],
      "flags": {},
      "order": 13,
      "mode": 0,
      "inputs": [
        {
          "name": "images",
          "type": "IMAGE",
          "link": 15
        }
      ],
      "outputs": [],
      "properties": {
        "cnr_id": "comfy-core",
        "ver": "0.3.27"
      },
      "widgets_values": [
        "ComfyUI",
        ""
      ]
    },
    {
      "id": 6,
      "type": "CLIPTextEncode",
      "pos": [
        450.48236083984375,
        378.7198791503906
      ],
      "size": [
        400,
        200
      ],
      "flags": {},
      "order": 9,
      "mode": 0,
      "inputs": [
        {
          "name": "clip",
          "type": "CLIP",
          "link": 8
        }
      ],
      "outputs": [
        {
          "name": "CONDITIONING",
          "type": "CONDITIONING",
          "links": [
            30
          ]
        }
      ],
      "title": "ネガティブプロンプト",
      "properties": {
        "cnr_id": "comfy-core",
        "ver": "0.3.27",
        "Node name for S&R": "CLIPTextEncode"
      },
      "widgets_values": [
        "bad quality, worst quality, text, signature"
      ],
      "color": "#332922",
      "bgcolor": "#593930"
    },
    {
      "id": 18,
      "type": "ControlNetApplyAdvanced",
      "pos": [
        894.7159423828125,
        622.5886840820312
      ],
      "size": [
        315,
        186
      ],
      "flags": {},
      "order": 10,
      "mode": 0,
      "inputs": [
        {
          "name": "positive",
          "type": "CONDITIONING",
          "link": 46
        },
        {
          "name": "negative",
          "type": "CONDITIONING",
          "link": 30
        },
        {
          "name": "control_net",
          "type": "CONTROL_NET",
          "link": 35
        },
        {
          "name": "image",
          "type": "IMAGE",
          "link": 45
        },
        {
          "name": "vae",
          "shape": 7,
          "type": "VAE",
          "link": 36
        }
      ],
      "outputs": [
        {
          "name": "positive",
          "type": "CONDITIONING",
          "links": [
            32
          ]
        },
        {
          "name": "negative",
          "type": "CONDITIONING",
          "links": [
            33
          ]
        }
      ],
      "properties": {
        "cnr_id": "comfy-core",
        "ver": "0.3.27",
        "Node name for S&R": "ControlNetApplyAdvanced"
      },
      "widgets_values": [
        1,
        0,
        1
      ],
      "color": "#232",
      "bgcolor": "#353"
    },
    {
      "id": 7,
      "type": "MarkdownNote",
      "pos": [
        -210.5795135498047,
        96.26685333251953
      ],
      "size": [
        276.7300109863281,
        479.8700256347656
      ],
      "flags": {},
      "order": 0,
      "mode": 0,
      "inputs": [],
      "outputs": [],
      "properties": {},
      "widgets_values": [
        "# 推奨モデル\nダウンロードしたモデルはComfyUIフォルダのmodelsのcontrolnetに移動し、『チェックポイントを読み込む』ノードで設定。\n\n## コントロールネット\n- [iroiro-lora](https://huggingface.co/2vXpSwA7/iroiro-lora)\n- test_controlnet2のCN-anytest_v4-marged.safetensorsをダウンロード\n"
      ],
      "color": "#432",
      "bgcolor": "#653"
    },
    {
      "id": 1,
      "type": "CheckpointLoaderSimple",
      "pos": [
        87.0804443359375,
        101.10685729980469
      ],
      "size": [
        315,
        98
      ],
      "flags": {},
      "order": 1,
      "mode": 0,
      "inputs": [],
      "outputs": [
        {
          "name": "MODEL",
          "type": "MODEL",
          "links": [
            2
          ]
        },
        {
          "name": "CLIP",
          "type": "CLIP",
          "links": [
            3
          ]
        },
        {
          "name": "VAE",
          "type": "VAE",
          "links": [
            14,
            36
          ]
        }
      ],
      "properties": {
        "cnr_id": "comfy-core",
        "ver": "0.3.27",
        "Node name for S&R": "CheckpointLoaderSimple"
      },
      "widgets_values": [
        "Illustrious-XL-v1.1.safetensors"
      ],
      "color": "#232",
      "bgcolor": "#353"
    },
    {
      "id": 19,
      "type": "EmptyLatentImage",
      "pos": [
        894.7161254882812,
        448.6541442871094
      ],
      "size": [
        315,
        106
      ],
      "flags": {},
      "order": 2,
      "mode": 0,
      "inputs": [],
      "outputs": [
        {
          "name": "LATENT",
          "type": "LATENT",
          "links": [
            37
          ]
        }
      ],
      "properties": {
        "cnr_id": "comfy-core",
        "ver": "0.3.27",
        "Node name for S&R": "EmptyLatentImage"
      },
      "widgets_values": [
        896,
        1152,
        1
      ],
      "color": "#332922",
      "bgcolor": "#593930"
    },
    {
      "id": 8,
      "type": "KSampler",
      "pos": [
        890.5201416015625,
        97.47689819335938
      ],
      "size": [
        315,
        262
      ],
      "flags": {},
      "order": 11,
      "mode": 0,
      "inputs": [
        {
          "name": "model",
          "type": "MODEL",
          "link": 9
        },
        {
          "name": "positive",
          "type": "CONDITIONING",
          "link": 32
        },
        {
          "name": "negative",
          "type": "CONDITIONING",
          "link": 33
        },
        {
          "name": "latent_image",
          "type": "LATENT",
          "link": 37
        }
      ],
      "outputs": [
        {
          "name": "LATENT",
          "type": "LATENT",
          "links": [
            13
          ]
        }
      ],
      "properties": {
        "cnr_id": "comfy-core",
        "ver": "0.3.27",
        "Node name for S&R": "KSampler"
      },
      "widgets_values": [
        331461178800895,
        "randomize",
        8,
        2,
        "lcm",
        "simple",
        1
      ],
      "color": "#232",
      "bgcolor": "#353"
    },
    {
      "id": 25,
      "type": "PreviewImage",
      "pos": [
        517.5368041992188,
        809.9407348632812
      ],
      "size": [
        210,
        246
      ],
      "flags": {},
      "order": 6,
      "mode": 0,
      "inputs": [
        {
          "name": "images",
          "type": "IMAGE",
          "link": 44
        }
      ],
      "outputs": [],
      "properties": {
        "cnr_id": "comfy-core",
        "ver": "0.3.27",
        "Node name for S&R": "PreviewImage"
      },
      "widgets_values": [
        ""
      ]
    },
    {
      "id": 20,
      "type": "ControlNetLoader",
      "pos": [
        487.25677490234375,
        646.7457885742188
      ],
      "size": [
        315,
        58
      ],
      "flags": {},
      "order": 3,
      "mode": 0,
      "inputs": [],
      "outputs": [
        {
          "name": "CONTROL_NET",
          "type": "CONTROL_NET",
          "links": [
            35
          ]
        }
      ],
      "properties": {
        "cnr_id": "comfy-core",
        "ver": "0.3.27",
        "Node name for S&R": "ControlNetLoader"
      },
      "widgets_values": [
        "CN-anytest_v4-marged.safetensors"
      ],
      "color": "#232",
      "bgcolor": "#353"
    },
    {
      "id": 24,
      "type": "Hina.PoseEditor3D",
      "pos": [
        -542.1784057617188,
        658.5530395507812
      ],
      "size": [
        600,
        620
      ],
      "flags": {},
      "order": 4,
      "mode": 0,
      "inputs": [],
      "outputs": [
        {
          "name": "OpenPose",
          "type": "IMAGE",
          "links": [
            44,
            45
          ]
        },
        {
          "name": "Depth",
          "type": "IMAGE",
          "links": null
        },
        {
          "name": "Normal",
          "type": "IMAGE",
          "links": null
        },
        {
          "name": "Canny",
          "type": "IMAGE",
          "links": null
        }
      ],
      "properties": {
        "cnr_id": "ComfyUI_3dPoseEditor",
        "ver": "582c5b1410d5bd5a91465f05796f4e99a690cc52",
        "Node name for S&R": "Hina.PoseEditor3D"
      },
      "widgets_values": [
        "OpenPoseEditor_0_pose.png",
        "OpenPoseEditor_0_depth.png",
        "OpenPoseEditor_0_normal.png",
        "OpenPoseEditor_0_canny.png",
        null
      ]
    },
    {
      "id": 5,
      "type": "CLIPTextEncode",
      "pos": [
        445.2405090332031,
        97.47686004638672
      ],
      "size": [
        400,
        200
      ],
      "flags": {},
      "order": 8,
      "mode": 0,
      "inputs": [
        {
          "name": "clip",
          "type": "CLIP",
          "link": 7
        }
      ],
      "outputs": [
        {
          "name": "CONDITIONING",
          "type": "CONDITIONING",
          "links": [
            46
          ]
        }
      ],
      "title": "ポジティブプロンプト",
      "properties": {
        "cnr_id": "comfy-core",
        "ver": "0.3.27",
        "Node name for S&R": "CLIPTextEncode"
      },
      "widgets_values": [
        "1girl, classroom, smile, sitting, open mouth, talking, blonde hair, long hair, blue eyes, school uniform, jacket, blazer, shirt, long sleeves, tie"
      ],
      "color": "#332922",
      "bgcolor": "#593930"
    }
  ],
  "links": [
    [
      2,
      1,
      0,
      3,
      0,
      "MODEL"
    ],
    [
      3,
      1,
      1,
      3,
      1,
      "CLIP"
    ],
    [
      4,
      3,
      0,
      2,
      0,
      "MODEL"
    ],
    [
      5,
      3,
      1,
      2,
      1,
      "CLIP"
    ],
    [
      7,
      2,
      1,
      5,
      0,
      "CLIP"
    ],
    [
      8,
      2,
      1,
      6,
      0,
      "CLIP"
    ],
    [
      9,
      2,
      0,
      8,
      0,
      "MODEL"
    ],
    [
      13,
      8,
      0,
      11,
      0,
      "LATENT"
    ],
    [
      14,
      1,
      2,
      11,
      1,
      "VAE"
    ],
    [
      15,
      11,
      0,
      10,
      0,
      "IMAGE"
    ],
    [
      30,
      6,
      0,
      18,
      1,
      "CONDITIONING"
    ],
    [
      32,
      18,
      0,
      8,
      1,
      "CONDITIONING"
    ],
    [
      33,
      18,
      1,
      8,
      2,
      "CONDITIONING"
    ],
    [
      35,
      20,
      0,
      18,
      2,
      "CONTROL_NET"
    ],
    [
      36,
      1,
      2,
      18,
      4,
      "VAE"
    ],
    [
      37,
      19,
      0,
      8,
      3,
      "LATENT"
    ],
    [
      44,
      24,
      0,
      25,
      0,
      "IMAGE"
    ],
    [
      45,
      24,
      0,
      18,
      3,
      "IMAGE"
    ],
    [
      46,
      5,
      0,
      18,
      0,
      "CONDITIONING"
    ]
  ],
  "groups": [],
  "config": {},
  "extra": {
    "ds": {
      "scale": 0.6209213230591552,
      "offset": [
        1166.5999829535517,
        50.782936253934196
      ]
    },
    "VHS_latentpreview": false,
    "VHS_latentpreviewrate": 0,
    "VHS_MetadataImage": true,
    "VHS_KeepIntermediate": true
  },
  "version": 0.4
}