{
  "id": "2b6667d8-53fd-4729-808f-2f77bf6b66ed",
  "revision": 0,
  "last_node_id": 14,
  "last_link_id": 16,
  "nodes": [
    {
      "id": 7,
      "type": "SaveImage",
      "pos": [
        597.7084350585938,
        -617.746337890625
      ],
      "size": [
        315,
        270
      ],
      "flags": {},
      "order": 5,
      "mode": 0,
      "inputs": [
        {
          "name": "images",
          "type": "IMAGE",
          "link": 13
        }
      ],
      "outputs": [],
      "properties": {
        "cnr_id": "comfy-core",
        "ver": "0.3.27"
      },
      "widgets_values": [
        "ComfyUI",
        ""
      ]
    },
    {
      "id": 4,
      "type": "LayerMask: MaskPreview",
      "pos": [
        -176.2915496826172,
        -365.7463684082031
      ],
      "size": [
        277.20001220703125,
        246
      ],
      "flags": {},
      "order": 3,
      "mode": 0,
      "inputs": [
        {
          "name": "mask",
          "type": "MASK",
          "link": 2
        }
      ],
      "outputs": [],
      "properties": {
        "cnr_id": "comfyui_layerstyle",
        "ver": "4b273d4f08ea28b0743ababab70ae2e6d93be194",
        "Node name for S&R": "LayerMask: MaskPreview"
      },
      "widgets_values": [
        ""
      ],
      "color": "rgba(27, 80, 119, 0.7)"
    },
    {
      "id": 2,
      "type": "LayerMask: RemBgUltra",
      "pos": [
        -187.29156494140625,
        -618.7463989257812
      ],
      "size": [
        315,
        150
      ],
      "flags": {},
      "order": 2,
      "mode": 0,
      "inputs": [
        {
          "name": "image",
          "type": "IMAGE",
          "link": 16
        }
      ],
      "outputs": [
        {
          "name": "image",
          "type": "IMAGE",
          "links": [
            9
          ]
        },
        {
          "name": "mask",
          "type": "MASK",
          "links": [
            2,
            10
          ]
        }
      ],
      "properties": {
        "cnr_id": "comfyui_layerstyle",
        "ver": "4b273d4f08ea28b0743ababab70ae2e6d93be194",
        "Node name for S&R": "LayerMask: RemBgUltra"
      },
      "widgets_values": [
        8,
        0.01,
        0.99,
        true
      ],
      "color": "#232",
      "bgcolor": "#353"
    },
    {
      "id": 11,
      "type": "LayerUtility: ImageBlendAdvance",
      "pos": [
        157.8902587890625,
        -613.7463989257812
      ],
      "size": [
        390.5999755859375,
        338
      ],
      "flags": {},
      "order": 4,
      "mode": 0,
      "inputs": [
        {
          "name": "background_image",
          "type": "IMAGE",
          "link": 15
        },
        {
          "name": "layer_image",
          "type": "IMAGE",
          "link": 9
        },
        {
          "name": "layer_mask",
          "shape": 7,
          "type": "MASK",
          "link": 10
        }
      ],
      "outputs": [
        {
          "name": "image",
          "type": "IMAGE",
          "links": [
            13
          ]
        },
        {
          "name": "mask",
          "type": "MASK",
          "links": null
        }
      ],
      "properties": {
        "cnr_id": "comfyui_layerstyle",
        "ver": "4b273d4f08ea28b0743ababab70ae2e6d93be194",
        "Node name for S&R": "LayerUtility: ImageBlendAdvance"
      },
      "widgets_values": [
        false,
        "normal",
        100,
        50,
        50,
        "None",
        1,
        1,
        0,
        "lanczos",
        0
      ],
      "color": "#232",
      "bgcolor": "#353"
    },
    {
      "id": 13,
      "type": "LoadImageOutput",
      "pos": [
        -554.1097412109375,
        -624.7463989257812
      ],
      "size": [
        315,
        338
      ],
      "flags": {},
      "order": 0,
      "mode": 0,
      "inputs": [],
      "outputs": [
        {
          "name": "IMAGE",
          "type": "IMAGE",
          "links": [
            15
          ]
        },
        {
          "name": "MASK",
          "type": "MASK",
          "links": null
        }
      ],
      "title": "背景画像の読み込み（出力から）",
      "properties": {
        "cnr_id": "comfy-core",
        "ver": "0.3.27",
        "Node name for S&R": "LoadImageOutput"
      },
      "widgets_values": [
        "ComfyUI_00039_.png [output]",
        "refresh",
        "image",
        ""
      ],
      "color": "#332922",
      "bgcolor": "#593930"
    },
    {
      "id": 14,
      "type": "LoadImageOutput",
      "pos": [
        -548.1097412109375,
        -204.74639892578125
      ],
      "size": [
        315,
        338
      ],
      "flags": {},
      "order": 1,
      "mode": 0,
      "inputs": [],
      "outputs": [
        {
          "name": "IMAGE",
          "type": "IMAGE",
          "links": [
            16
          ]
        },
        {
          "name": "MASK",
          "type": "MASK",
          "links": null
        }
      ],
      "properties": {
        "cnr_id": "comfy-core",
        "ver": "0.3.27",
        "Node name for S&R": "LoadImageOutput"
      },
      "widgets_values": [
        "ComfyUI_00002_.png [output]",
        "refresh",
        "image",
        ""
      ],
      "color": "#332922",
      "bgcolor": "#593930"
    }
  ],
  "links": [
    [
      2,
      2,
      1,
      4,
      0,
      "MASK"
    ],
    [
      9,
      2,
      0,
      11,
      1,
      "IMAGE"
    ],
    [
      10,
      2,
      1,
      11,
      2,
      "MASK"
    ],
    [
      13,
      11,
      0,
      7,
      0,
      "IMAGE"
    ],
    [
      15,
      13,
      0,
      11,
      0,
      "IMAGE"
    ],
    [
      16,
      14,
      0,
      2,
      0,
      "IMAGE"
    ]
  ],
  "groups": [],
  "config": {},
  "extra": {
    "ds": {
      "scale": 1,
      "offset": [
        730.1097374697473,
        720.7463818437703
      ]
    },
    "VHS_latentpreview": false,
    "VHS_latentpreviewrate": 0,
    "VHS_MetadataImage": true,
    "VHS_KeepIntermediate": true
  },
  "version": 0.4
}