{
  "id": "ed0eef12-c67a-441d-ab6b-8fff0f49371a",
  "revision": 0,
  "last_node_id": 5,
  "last_link_id": 5,
  "nodes": [
    {
      "id": 3,
      "type": "DownloadAndLoadDepthAnythingV2Model",
      "pos": [
        -451.1097412109375,
        -536.746337890625
      ],
      "size": [
        441,
        58
      ],
      "flags": {},
      "order": 0,
      "mode": 0,
      "inputs": [],
      "outputs": [
        {
          "name": "da_v2_model",
          "type": "DAMODEL",
          "links": [
            1
          ]
        }
      ],
      "properties": {
        "cnr_id": "comfyui-depthanythingv2",
        "ver": "9d7cb8c1e53b01744a75b599d3e91c93464a2d33",
        "Node name for S&R": "DownloadAndLoadDepthAnythingV2Model"
      },
      "widgets_values": [
        "depth_anything_v2_vitl_fp32.safetensors"
      ],
      "color": "#232",
      "bgcolor": "#353"
    },
    {
      "id": 2,
      "type": "DepthAnything_V2",
      "pos": [
        36.890262603759766,
        -536.746337890625
      ],
      "size": [
        214.20001220703125,
        46
      ],
      "flags": {},
      "order": 2,
      "mode": 0,
      "inputs": [
        {
          "name": "da_model",
          "type": "DAMODEL",
          "link": 1
        },
        {
          "name": "images",
          "type": "IMAGE",
          "link": 2
        }
      ],
      "outputs": [
        {
          "name": "image",
          "type": "IMAGE",
          "links": [
            3
          ]
        }
      ],
      "properties": {
        "cnr_id": "comfyui-depthanythingv2",
        "ver": "9d7cb8c1e53b01744a75b599d3e91c93464a2d33",
        "Node name for S&R": "DepthAnything_V2"
      }
    },
    {
      "id": 1,
      "type": "LoadImage",
      "pos": [
        -449.1097412109375,
        -329.74639892578125
      ],
      "size": [
        315,
        314
      ],
      "flags": {},
      "order": 1,
      "mode": 0,
      "inputs": [],
      "outputs": [
        {
          "name": "IMAGE",
          "type": "IMAGE",
          "links": [
            2,
            4
          ]
        },
        {
          "name": "MASK",
          "type": "MASK",
          "links": null
        }
      ],
      "properties": {
        "cnr_id": "comfy-core",
        "ver": "0.3.27",
        "Node name for S&R": "LoadImage"
      },
      "widgets_values": [
        "ComfyUI_00002_.png",
        "image",
        ""
      ],
      "color": "#332922",
      "bgcolor": "#593930"
    },
    {
      "id": 5,
      "type": "SaveImage",
      "pos": [
        731.8902587890625,
        -547.746337890625
      ],
      "size": [
        315,
        58
      ],
      "flags": {},
      "order": 4,
      "mode": 0,
      "inputs": [
        {
          "name": "images",
          "type": "IMAGE",
          "link": 5
        }
      ],
      "outputs": [],
      "properties": {
        "cnr_id": "comfy-core",
        "ver": "0.3.27"
      },
      "widgets_values": [
        "ComfyUI"
      ]
    },
    {
      "id": 4,
      "type": "StereoImageNode",
      "pos": [
        273.8902587890625,
        -546.7463989257812
      ],
      "size": [
        405.5999755859375,
        286
      ],
      "flags": {},
      "order": 3,
      "mode": 0,
      "inputs": [
        {
          "name": "image",
          "type": "IMAGE",
          "link": 4
        },
        {
          "name": "depth_map",
          "type": "IMAGE",
          "link": 3
        }
      ],
      "outputs": [
        {
          "name": "stereoscope",
          "type": "IMAGE",
          "links": [
            5
          ]
        },
        {
          "name": "blurred_depthmap_left",
          "type": "IMAGE",
          "links": null
        },
        {
          "name": "blurred_depthmap_right",
          "type": "IMAGE",
          "links": null
        },
        {
          "name": "no_fill_imperfect_mask",
          "type": "MASK",
          "links": null
        }
      ],
      "properties": {
        "cnr_id": "comfystereo",
        "ver": "1.2.1",
        "Node name for S&R": "StereoImageNode"
      },
      "widgets_values": [
        "left-right",
        "Fill - Polylines Soft",
        3.5,
        0,
        0,
        2,
        true,
        6
      ],
      "color": "#232",
      "bgcolor": "#353"
    }
  ],
  "links": [
    [
      1,
      3,
      0,
      2,
      0,
      "DAMODEL"
    ],
    [
      2,
      1,
      0,
      2,
      1,
      "IMAGE"
    ],
    [
      3,
      2,
      0,
      4,
      1,
      "IMAGE"
    ],
    [
      4,
      1,
      0,
      4,
      0,
      "IMAGE"
    ],
    [
      5,
      4,
      0,
      5,
      0,
      "IMAGE"
    ]
  ],
  "groups": [],
  "config": {},
  "extra": {
    "ds": {
      "scale": 1,
      "offset": [
        589.1097374697473,
        711.7463818437703
      ]
    },
    "VHS_latentpreview": false,
    "VHS_latentpreviewrate": 0,
    "VHS_MetadataImage": true,
    "VHS_KeepIntermediate": true
  },
  "version": 0.4
}