{
  "id": "2b6667d8-53fd-4729-808f-2f77bf6b66ed",
  "revision": 0,
  "last_node_id": 10,
  "last_link_id": 9,
  "nodes": [
    {
      "id": 2,
      "type": "LayerMask: RemBgUltra",
      "pos": [
        -187.29156494140625,
        -617.7463989257812
      ],
      "size": [
        315,
        150
      ],
      "flags": {},
      "order": 1,
      "mode": 0,
      "inputs": [
        {
          "name": "image",
          "type": "IMAGE",
          "link": 9
        }
      ],
      "outputs": [
        {
          "name": "image",
          "type": "IMAGE",
          "links": [
            3,
            4
          ]
        },
        {
          "name": "mask",
          "type": "MASK",
          "links": [
            2,
            5
          ]
        }
      ],
      "properties": {
        "cnr_id": "comfyui_layerstyle",
        "ver": "4b273d4f08ea28b0743ababab70ae2e6d93be194",
        "Node name for S&R": "LayerMask: RemBgUltra"
      },
      "widgets_values": [
        8,
        0.01,
        0.99,
        true
      ],
      "color": "#232",
      "bgcolor": "#353"
    },
    {
      "id": 5,
      "type": "SaveImage",
      "pos": [
        189.7084503173828,
        -386.7463684082031
      ],
      "size": [
        315,
        270
      ],
      "flags": {},
      "order": 2,
      "mode": 0,
      "inputs": [
        {
          "name": "images",
          "type": "IMAGE",
          "link": 3
        }
      ],
      "outputs": [],
      "properties": {
        "cnr_id": "comfy-core",
        "ver": "0.3.27"
      },
      "widgets_values": [
        "ComfyUI"
      ]
    },
    {
      "id": 7,
      "type": "SaveImage",
      "pos": [
        597.7084350585938,
        -617.746337890625
      ],
      "size": [
        315,
        270
      ],
      "flags": {},
      "order": 5,
      "mode": 0,
      "inputs": [
        {
          "name": "images",
          "type": "IMAGE",
          "link": 6
        }
      ],
      "outputs": [],
      "properties": {
        "cnr_id": "comfy-core",
        "ver": "0.3.27"
      },
      "widgets_values": [
        "ComfyUI"
      ]
    },
    {
      "id": 6,
      "type": "LayerUtility: ImageRemoveAlpha",
      "pos": [
        176.7084503173828,
        -621.7463989257812
      ],
      "size": [
        378,
        102
      ],
      "flags": {},
      "order": 4,
      "mode": 0,
      "inputs": [
        {
          "name": "RGBA_image",
          "type": "IMAGE",
          "link": 4
        },
        {
          "name": "mask",
          "shape": 7,
          "type": "MASK",
          "link": 5
        }
      ],
      "outputs": [
        {
          "name": "RGB_image",
          "type": "IMAGE",
          "links": [
            6
          ]
        }
      ],
      "properties": {
        "cnr_id": "comfyui_layerstyle",
        "ver": "4b273d4f08ea28b0743ababab70ae2e6d93be194",
        "Node name for S&R": "LayerUtility: ImageRemoveAlpha"
      },
      "widgets_values": [
        true,
        "#00FF00"
      ],
      "color": "#232",
      "bgcolor": "#353"
    },
    {
      "id": 4,
      "type": "LayerMask: MaskPreview",
      "pos": [
        -176.2915496826172,
        -365.7463684082031
      ],
      "size": [
        277.20001220703125,
        246
      ],
      "flags": {},
      "order": 3,
      "mode": 0,
      "inputs": [
        {
          "name": "mask",
          "type": "MASK",
          "link": 2
        }
      ],
      "outputs": [],
      "properties": {
        "cnr_id": "comfyui_layerstyle",
        "ver": "4b273d4f08ea28b0743ababab70ae2e6d93be194",
        "Node name for S&R": "LayerMask: MaskPreview"
      },
      "widgets_values": [],
      "color": "rgba(27, 80, 119, 0.7)"
    },
    {
      "id": 10,
      "type": "LoadImageOutput",
      "pos": [
        -552.1097412109375,
        -615.7463989257812
      ],
      "size": [
        315,
        338
      ],
      "flags": {},
      "order": 0,
      "mode": 0,
      "inputs": [],
      "outputs": [
        {
          "name": "IMAGE",
          "type": "IMAGE",
          "links": [
            9
          ]
        },
        {
          "name": "MASK",
          "type": "MASK",
          "links": null
        }
      ],
      "properties": {
        "cnr_id": "comfy-core",
        "ver": "0.3.27",
        "Node name for S&R": "LoadImageOutput"
      },
      "widgets_values": [
        "ComfyUI_00051_.png [output]",
        "refresh",
        "image",
        ""
      ],
      "color": "#332922",
      "bgcolor": "#593930"
    }
  ],
  "links": [
    [
      2,
      2,
      1,
      4,
      0,
      "MASK"
    ],
    [
      3,
      2,
      0,
      5,
      0,
      "IMAGE"
    ],
    [
      4,
      2,
      0,
      6,
      0,
      "IMAGE"
    ],
    [
      5,
      2,
      1,
      6,
      1,
      "MASK"
    ],
    [
      6,
      6,
      0,
      7,
      0,
      "IMAGE"
    ],
    [
      9,
      10,
      0,
      2,
      0,
      "IMAGE"
    ]
  ],
  "groups": [],
  "config": {},
  "extra": {
    "ds": {
      "scale": 1,
      "offset": [
        906.1097374697473,
        901.7463818437703
      ]
    },
    "VHS_latentpreview": false,
    "VHS_latentpreviewrate": 0,
    "VHS_MetadataImage": true,
    "VHS_KeepIntermediate": true
  },
  "version": 0.4
}