{
  "id": "58516894-1ec7-47d2-bc6c-0a6b7e152633",
  "revision": 0,
  "last_node_id": 4,
  "last_link_id": 2,
  "nodes": [
    {
      "id": 3,
      "type": "RIFE VFI",
      "pos": [
        741.57958984375,
        123.53160095214844
      ],
      "size": [
        478.8000183105469,
        198
      ],
      "flags": {},
      "order": 2,
      "mode": 0,
      "inputs": [
        {
          "name": "frames",
          "type": "IMAGE",
          "link": 1
        },
        {
          "name": "optional_interpolation_states",
          "shape": 7,
          "type": "INTERPOLATION_STATES",
          "link": null
        }
      ],
      "outputs": [
        {
          "name": "IMAGE",
          "type": "IMAGE",
          "links": [
            2
          ]
        }
      ],
      "properties": {
        "cnr_id": "comfyui-frame-interpolation",
        "ver": "7578205bd810cf96257b2e32d534b4513892af37",
        "Node name for S&R": "RIFE VFI"
      },
      "widgets_values": [
        "rife47.pth",
        10,
        3,
        true,
        true,
        1
      ],
      "color": "#232",
      "bgcolor": "#353"
    },
    {
      "id": 4,
      "type": "VHS_VideoCombine",
      "pos": [
        1327.219482421875,
        124.99567413330078
      ],
      "size": [
        210,
        601.3333129882812
      ],
      "flags": {},
      "order": 3,
      "mode": 0,
      "inputs": [
        {
          "name": "images",
          "type": "IMAGE",
          "link": 2
        },
        {
          "name": "audio",
          "shape": 7,
          "type": "AUDIO",
          "link": null
        },
        {
          "name": "meta_batch",
          "shape": 7,
          "type": "VHS_BatchManager",
          "link": null
        },
        {
          "name": "vae",
          "shape": 7,
          "type": "VAE",
          "link": null
        }
      ],
      "outputs": [
        {
          "name": "Filenames",
          "type": "VHS_FILENAMES",
          "links": null
        }
      ],
      "properties": {
        "cnr_id": "comfyui-videohelpersuite",
        "ver": "c9dcc3a229437df232d61da4f9697c87c1f22428",
        "Node name for S&R": "VHS_VideoCombine"
      },
      "widgets_values": {
        "frame_rate": 72,
        "loop_count": 0,
        "filename_prefix": "HunyuanVideo",
        "format": "video/h264-mp4",
        "pix_fmt": "yuv420p",
        "crf": 17,
        "save_metadata": true,
        "trim_to_audio": false,
        "pingpong": false,
        "save_output": true,
        "videopreview": {
          "hidden": false,
          "paused": false,
          "params": {
            "filename": "HunyuanVideo_00005.mp4",
            "subfolder": "",
            "type": "output",
            "format": "video/h264-mp4",
            "frame_rate": 72,
            "workflow": "HunyuanVideo_00005.png",
            "fullpath": "/Volumes/HIDISC SSD/ComfyUI/output/HunyuanVideo_00005.mp4"
          }
        }
      },
      "color": "#232",
      "bgcolor": "#353"
    },
    {
      "id": 2,
      "type": "VHS_LoadVideo",
      "pos": [
        366.7699279785156,
        122.06745910644531
      ],
      "size": [
        235.1999969482422,
        611.2669677734375
      ],
      "flags": {},
      "order": 0,
      "mode": 0,
      "inputs": [
        {
          "name": "meta_batch",
          "shape": 7,
          "type": "VHS_BatchManager",
          "link": null
        },
        {
          "name": "vae",
          "shape": 7,
          "type": "VAE",
          "link": null
        }
      ],
      "outputs": [
        {
          "name": "IMAGE",
          "type": "IMAGE",
          "links": [
            1
          ]
        },
        {
          "name": "frame_count",
          "type": "INT",
          "links": null
        },
        {
          "name": "audio",
          "type": "AUDIO",
          "links": null
        },
        {
          "name": "video_info",
          "type": "VHS_VIDEOINFO",
          "links": null
        }
      ],
      "properties": {
        "cnr_id": "comfyui-videohelpersuite",
        "ver": "c9dcc3a229437df232d61da4f9697c87c1f22428",
        "Node name for S&R": "VHS_LoadVideo"
      },
      "widgets_values": {
        "video": "HunyuanVideo_00001.mp4",
        "force_rate": 0,
        "custom_width": 0,
        "custom_height": 0,
        "frame_load_cap": 0,
        "skip_first_frames": 0,
        "select_every_nth": 1,
        "format": "AnimateDiff",
        "choose video to upload": "image",
        "videopreview": {
          "hidden": false,
          "paused": false,
          "params": {
            "force_rate": 0,
            "custom_width": 0,
            "custom_height": 0,
            "frame_load_cap": 0,
            "skip_first_frames": 0,
            "select_every_nth": 1,
            "filename": "HunyuanVideo_00001.mp4",
            "type": "input",
            "format": "video/mp4"
          }
        }
      },
      "color": "#332922",
      "bgcolor": "#593930"
    },
    {
      "id": 1,
      "type": "MarkdownNote",
      "pos": [
        -179.3393096923828,
        116.21107482910156
      ],
      "size": [
        432.82000732421875,
        450.9147033691406
      ],
      "flags": {},
      "order": 1,
      "mode": 0,
      "inputs": [],
      "outputs": [],
      "properties": {},
      "widgets_values": [
        "# モデル\n自動でダウンロードされるはずです。\n\n# カスタムノード\n- [ComfyUI-Frame-Interpolotion](https://github.com/Fannovel16/ComfyUI-Frame-Interpolation)"
      ],
      "color": "#432",
      "bgcolor": "#653"
    }
  ],
  "links": [
    [
      1,
      2,
      0,
      3,
      0,
      "IMAGE"
    ],
    [
      2,
      3,
      0,
      4,
      0,
      "IMAGE"
    ]
  ],
  "groups": [],
  "config": {},
  "extra": {
    "ds": {
      "scale": 0.6830134553650712,
      "offset": [
        511.6900058087392,
        157.57562274725393
      ]
    },
    "VHS_latentpreview": false,
    "VHS_latentpreviewrate": 0,
    "VHS_MetadataImage": true,
    "VHS_KeepIntermediate": true
  },
  "version": 0.4
}