{
  "id": "c0259027-c40d-4ccb-a9e5-f542b27acc21",
  "revision": 0,
  "last_node_id": 8,
  "last_link_id": 7,
  "nodes": [
    {
      "id": 1,
      "type": "LoadImage",
      "pos": [
        -397.10614013671875,
        -566.61669921875
      ],
      "size": [
        315,
        314
      ],
      "flags": {},
      "order": 0,
      "mode": 0,
      "inputs": [],
      "outputs": [
        {
          "name": "IMAGE",
          "type": "IMAGE",
          "links": [
            1
          ]
        },
        {
          "name": "MASK",
          "type": "MASK",
          "links": null
        }
      ],
      "properties": {
        "cnr_id": "comfy-core",
        "ver": "0.3.27",
        "Node name for S&R": "LoadImage"
      },
      "widgets_values": [
        "ComfyUI_00002_.png",
        "image",
        ""
      ],
      "color": "#332922",
      "bgcolor": "#593930"
    },
    {
      "id": 7,
      "type": "SaveImage",
      "pos": [
        627.7637939453125,
        -562.2239990234375
      ],
      "size": [
        315,
        270
      ],
      "flags": {},
      "order": 5,
      "mode": 0,
      "inputs": [
        {
          "name": "images",
          "type": "IMAGE",
          "link": 7
        }
      ],
      "outputs": [],
      "properties": {
        "cnr_id": "comfy-core",
        "ver": "0.3.27"
      },
      "widgets_values": [
        "ComfyUI"
      ]
    },
    {
      "id": 8,
      "type": "ImageScaleBy",
      "pos": [
        261.73876953125,
        -423.1346435546875
      ],
      "size": [
        315,
        82
      ],
      "flags": {},
      "order": 4,
      "mode": 0,
      "inputs": [
        {
          "name": "image",
          "type": "IMAGE",
          "link": 6
        }
      ],
      "outputs": [
        {
          "name": "IMAGE",
          "type": "IMAGE",
          "links": [
            7
          ]
        }
      ],
      "properties": {
        "cnr_id": "comfy-core",
        "ver": "0.3.27",
        "Node name for S&R": "ImageScaleBy"
      },
      "widgets_values": [
        "lanczos",
        0.5000000000000001
      ]
    },
    {
      "id": 2,
      "type": "UpscaleModelLoader",
      "pos": [
        -36.937599182128906,
        -563.687744140625
      ],
      "size": [
        315,
        58
      ],
      "flags": {},
      "order": 1,
      "mode": 0,
      "inputs": [],
      "outputs": [
        {
          "name": "UPSCALE_MODEL",
          "type": "UPSCALE_MODEL",
          "links": [
            2
          ]
        }
      ],
      "properties": {
        "cnr_id": "comfy-core",
        "ver": "0.3.27",
        "Node name for S&R": "UpscaleModelLoader"
      },
      "widgets_values": [
        "4x-UltraSharp.safetensors"
      ],
      "color": "#232",
      "bgcolor": "#353"
    },
    {
      "id": 3,
      "type": "ImageUpscaleWithModel",
      "pos": [
        -21.65558433532715,
        -423.101318359375
      ],
      "size": [
        210,
        46
      ],
      "flags": {},
      "order": 3,
      "mode": 0,
      "inputs": [
        {
          "name": "upscale_model",
          "type": "UPSCALE_MODEL",
          "link": 2
        },
        {
          "name": "image",
          "type": "IMAGE",
          "link": 1
        }
      ],
      "outputs": [
        {
          "name": "IMAGE",
          "type": "IMAGE",
          "links": [
            6
          ]
        }
      ],
      "properties": {
        "cnr_id": "comfy-core",
        "ver": "0.3.27",
        "Node name for S&R": "ImageUpscaleWithModel"
      },
      "widgets_values": []
    },
    {
      "id": 4,
      "type": "MarkdownNote",
      "pos": [
        -749.1364135742188,
        -562.2575073242188
      ],
      "size": [
        319.1279296875,
        421.5660705566406
      ],
      "flags": {},
      "order": 2,
      "mode": 0,
      "inputs": [],
      "outputs": [],
      "properties": {},
      "widgets_values": [
        "# 推奨モデル\nComfyUIフォルダのmodelsフォルダのupscale_modelsフォルダに移動。\n\n## 拡大モデル\n- [4x-UltraSharp](https://huggingface.co/Kim2091/UltraSharp)\n- [4x-UltraSharp.safetensors](https://huggingface.co/Kim2091/UltraSharp/blob/main/4x-UltraSharp.safetensors)をダウンロード\n\n## 注意\nそのままではM4 Mac miniでは動かないので、[こちら](https://github.com/comfyanonymous/ComfyUI/issues/5075#issuecomment-2557928679)を参考にパッチを作りました。ComfyUIフォルダにComfyUI.ESRGAN.patchを移動させ、移動先のファイルをダブルクリックしてESRGANを修正してください。一度行えば画像や動画の拡大ワークフローは正常に動作します。\n"
      ],
      "color": "#432",
      "bgcolor": "#653"
    }
  ],
  "links": [
    [
      1,
      1,
      0,
      3,
      1,
      "IMAGE"
    ],
    [
      2,
      2,
      0,
      3,
      0,
      "UPSCALE_MODEL"
    ],
    [
      6,
      3,
      0,
      8,
      0,
      "IMAGE"
    ],
    [
      7,
      8,
      0,
      7,
      0,
      "IMAGE"
    ]
  ],
  "groups": [],
  "config": {},
  "extra": {
    "ds": {
      "scale": 1,
      "offset": [
        1072.2915556515654,
        721.7463818437703
      ]
    },
    "VHS_latentpreview": false,
    "VHS_latentpreviewrate": 0,
    "VHS_MetadataImage": true,
    "VHS_KeepIntermediate": true
  },
  "version": 0.4
}