{
  "id": "4f8cdef3-ae65-45e0-b116-bb50ffdd212d",
  "revision": 0,
  "last_node_id": 10,
  "last_link_id": 9,
  "nodes": [
    {
      "id": 2,
      "type": "MMAudioModelLoader",
      "pos": [
        224.42877197265625,
        31.909332275390625
      ],
      "size": [
        315,
        82
      ],
      "flags": {},
      "order": 0,
      "mode": 0,
      "inputs": [],
      "outputs": [
        {
          "name": "mmaudio_model",
          "type": "MMAUDIO_MODEL",
          "links": [
            1
          ]
        }
      ],
      "properties": {
        "cnr_id": "comfyui-mmaudio",
        "ver": "a49a1b8f382687c7dc9d7266a054dc3c6f992ccd",
        "Node name for S&R": "MMAudioModelLoader"
      },
      "widgets_values": [
        "mmaudio_large_44k_v2_fp16.safetensors",
        "fp16"
      ],
      "color": "#232",
      "bgcolor": "#353"
    },
    {
      "id": 3,
      "type": "MarkdownNote",
      "pos": [
        -389.0290832519531,
        28.981117248535156
      ],
      "size": [
        577.7659301757812,
        426.0249938964844
      ],
      "flags": {},
      "order": 1,
      "mode": 0,
      "inputs": [],
      "outputs": [],
      "properties": {},
      "widgets_values": [
        "# モデル\n以下のモデルをすべてダウンロードしてComfyUIフォルダのmodelsフォルダにmmaudioフォルダを作りそこに移動させてください。\n\n- [MMAudio](https://huggingface.co/Kijai/MMAudio_safetensors/tree/main)\n  - [mmaudio_large_44k_v2_fp16.safetensors](https://huggingface.co/Kijai/MMAudio_safetensors/blob/main/mmaudio_large_44k_v2_fp16.safetensors)\n  - [mmaudio_vae_44k_fp16.safetensors](https://huggingface.co/Kijai/MMAudio_safetensors/blob/main/mmaudio_vae_44k_fp16.safetensors)\n  - [mmaudio_synchformer_fp16.safetensors](https://huggingface.co/Kijai/MMAudio_safetensors/blob/main/mmaudio_synchformer_fp16.safetensors)\n  - [apple_DFN5B-CLIP-ViT-H-14-384_fp16.safetensors](https://huggingface.co/Kijai/MMAudio_safetensors/blob/main/apple_DFN5B-CLIP-ViT-H-14-384_fp16.safetensors)\n\n# カスタムノード\n- [ComfyUI-MMAudio](https://github.com/kijai/ComfyUI-MMAudio)\nComfyUI-Managerのセキュリティレベルを下げないとComfyUI-Managerではインストールできません。\n\nComfyUIフォルダのuserフォルダのdefaultフォルダのComfyUI-Managerフォルダのconfig.nitをテキストエディットで開き、security_level=normalをsecurity_leve=weakにして\nComfyUIを再起動してください。"
      ],
      "color": "#432",
      "bgcolor": "#653"
    },
    {
      "id": 4,
      "type": "VHS_LoadVideo",
      "pos": [
        221.5006103515625,
        400.86248779296875
      ],
      "size": [
        301.0845031738281,
        698.7793579101562
      ],
      "flags": {},
      "order": 2,
      "mode": 0,
      "inputs": [
        {
          "name": "meta_batch",
          "shape": 7,
          "type": "VHS_BatchManager",
          "link": null
        },
        {
          "name": "vae",
          "shape": 7,
          "type": "VAE",
          "link": null
        }
      ],
      "outputs": [
        {
          "name": "IMAGE",
          "type": "IMAGE",
          "links": [
            2,
            7
          ]
        },
        {
          "name": "frame_count",
          "type": "INT",
          "links": null
        },
        {
          "name": "audio",
          "type": "AUDIO",
          "links": null
        },
        {
          "name": "video_info",
          "type": "VHS_VIDEOINFO",
          "links": [
            4
          ]
        }
      ],
      "properties": {
        "cnr_id": "comfyui-videohelpersuite",
        "ver": "c9dcc3a229437df232d61da4f9697c87c1f22428",
        "Node name for S&R": "VHS_LoadVideo"
      },
      "widgets_values": {
        "video": "HunyuanVideo_00005.mp4",
        "force_rate": 0,
        "custom_width": 0,
        "custom_height": 0,
        "frame_load_cap": 0,
        "skip_first_frames": 0,
        "select_every_nth": 1,
        "format": "Hunyuan",
        "choose video to upload": "image",
        "videopreview": {
          "hidden": false,
          "paused": false,
          "params": {
            "filename": "HunyuanVideo_00005.mp4",
            "type": "input",
            "format": "video/mp4",
            "force_rate": 0,
            "custom_width": 0,
            "custom_height": 0,
            "frame_load_cap": 0,
            "skip_first_frames": 0,
            "select_every_nth": 1
          }
        }
      },
      "color": "#332922",
      "bgcolor": "#593930"
    },
    {
      "id": 8,
      "type": "VHS_VideoCombine",
      "pos": [
        1353.2498779296875,
        255.91661071777344
      ],
      "size": [
        357.8741149902344,
        798.4988403320312
      ],
      "flags": {},
      "order": 7,
      "mode": 0,
      "inputs": [
        {
          "name": "images",
          "type": "IMAGE",
          "link": 7
        },
        {
          "name": "audio",
          "shape": 7,
          "type": "AUDIO",
          "link": 6
        },
        {
          "name": "meta_batch",
          "shape": 7,
          "type": "VHS_BatchManager",
          "link": null
        },
        {
          "name": "vae",
          "shape": 7,
          "type": "VAE",
          "link": null
        },
        {
          "name": "frame_rate",
          "type": "FLOAT,INT",
          "widget": {
            "name": "frame_rate"
          },
          "link": 8
        }
      ],
      "outputs": [
        {
          "name": "Filenames",
          "type": "VHS_FILENAMES",
          "links": null
        }
      ],
      "properties": {
        "cnr_id": "comfyui-videohelpersuite",
        "ver": "c9dcc3a229437df232d61da4f9697c87c1f22428",
        "Node name for S&R": "VHS_VideoCombine"
      },
      "widgets_values": {
        "frame_rate": 8,
        "loop_count": 0,
        "filename_prefix": "Hunyuan",
        "format": "video/h264-mp4",
        "pix_fmt": "yuv420p",
        "crf": 17,
        "save_metadata": true,
        "trim_to_audio": false,
        "pingpong": false,
        "save_output": true,
        "videopreview": {
          "hidden": false,
          "paused": false,
          "params": {
            "filename": "Hunyuan_00001-audio.mp4",
            "subfolder": "",
            "type": "output",
            "format": "video/h264-mp4",
            "frame_rate": 72,
            "workflow": "Hunyuan_00001.png",
            "fullpath": "/Volumes/HIDISC SSD/ComfyUI/output/Hunyuan_00001-audio.mp4"
          }
        }
      }
    },
    {
      "id": 9,
      "type": "VHS_VideoInfoSource",
      "pos": [
        881.8097534179688,
        701.0030517578125
      ],
      "size": [
        235.1999969482422,
        106
      ],
      "flags": {},
      "order": 4,
      "mode": 0,
      "inputs": [
        {
          "name": "video_info",
          "type": "VHS_VIDEOINFO",
          "link": 4
        }
      ],
      "outputs": [
        {
          "name": "fps🟨",
          "type": "FLOAT",
          "links": [
            8
          ]
        },
        {
          "name": "frame_count🟨",
          "type": "INT",
          "links": null
        },
        {
          "name": "duration🟨",
          "type": "FLOAT",
          "links": null
        },
        {
          "name": "width🟨",
          "type": "INT",
          "links": null
        },
        {
          "name": "height🟨",
          "type": "INT",
          "links": null
        }
      ],
      "properties": {
        "cnr_id": "comfyui-videohelpersuite",
        "ver": "c9dcc3a229437df232d61da4f9697c87c1f22428",
        "Node name for S&R": "VHS_VideoInfoSource"
      },
      "widgets_values": {}
    },
    {
      "id": 1,
      "type": "MMAudioSampler",
      "pos": [
        862.7762451171875,
        71.44003295898438
      ],
      "size": [
        405.8564147949219,
        527.1561279296875
      ],
      "flags": {},
      "order": 5,
      "mode": 0,
      "inputs": [
        {
          "name": "mmaudio_model",
          "type": "MMAUDIO_MODEL",
          "link": 1
        },
        {
          "name": "feature_utils",
          "type": "MMAUDIO_FEATUREUTILS",
          "link": 9
        },
        {
          "name": "images",
          "shape": 7,
          "type": "IMAGE",
          "link": 2
        }
      ],
      "outputs": [
        {
          "name": "audio",
          "type": "AUDIO",
          "links": [
            3,
            6
          ]
        }
      ],
      "properties": {
        "cnr_id": "comfyui-mmaudio",
        "ver": "a49a1b8f382687c7dc9d7266a054dc3c6f992ccd",
        "Node name for S&R": "MMAudioSampler"
      },
      "widgets_values": [
        8,
        25,
        4.5,
        134458547315052,
        "randomize",
        "music",
        "",
        false,
        true
      ],
      "color": "#332922",
      "bgcolor": "#593930"
    },
    {
      "id": 6,
      "type": "MMAudioFeatureUtilsLoader",
      "pos": [
        208.32376098632812,
        187.10397338867188
      ],
      "size": [
        531.5999755859375,
        154
      ],
      "flags": {},
      "order": 3,
      "mode": 0,
      "inputs": [
        {
          "name": "bigvgan_vocoder_model",
          "shape": 7,
          "type": "VOCODER_MODEL",
          "link": null
        }
      ],
      "outputs": [
        {
          "name": "mmaudio_featureutils",
          "type": "MMAUDIO_FEATUREUTILS",
          "links": [
            9
          ]
        }
      ],
      "properties": {
        "cnr_id": "comfyui-mmaudio",
        "ver": "a49a1b8f382687c7dc9d7266a054dc3c6f992ccd",
        "Node name for S&R": "MMAudioFeatureUtilsLoader"
      },
      "widgets_values": [
        "mmaudio_vae_44k_fp16.safetensors",
        "mmaudio_synchformer_fp16.safetensors",
        "apple_DFN5B-CLIP-ViT-H-14-384_fp16.safetensors",
        "44k",
        "fp16"
      ],
      "color": "#232",
      "bgcolor": "#353"
    },
    {
      "id": 7,
      "type": "SaveAudio",
      "pos": [
        1350.3212890625,
        65.5835189819336
      ],
      "size": [
        315,
        112
      ],
      "flags": {},
      "order": 6,
      "mode": 0,
      "inputs": [
        {
          "name": "audio",
          "type": "AUDIO",
          "link": 3
        }
      ],
      "outputs": [],
      "properties": {
        "cnr_id": "comfy-core",
        "ver": "0.3.27",
        "Node name for S&R": "SaveAudio"
      },
      "widgets_values": [
        "audio/ComfyUI",
        ""
      ]
    }
  ],
  "links": [
    [
      1,
      2,
      0,
      1,
      0,
      "MMAUDIO_MODEL"
    ],
    [
      2,
      4,
      0,
      1,
      2,
      "IMAGE"
    ],
    [
      3,
      1,
      0,
      7,
      0,
      "AUDIO"
    ],
    [
      4,
      4,
      3,
      9,
      0,
      "VHS_VIDEOINFO"
    ],
    [
      6,
      1,
      0,
      8,
      1,
      "AUDIO"
    ],
    [
      7,
      4,
      0,
      8,
      0,
      "IMAGE"
    ],
    [
      8,
      9,
      0,
      8,
      4,
      "FLOAT,INT"
    ],
    [
      9,
      6,
      0,
      1,
      1,
      "MMAUDIO_FEATUREUTILS"
    ]
  ],
  "groups": [],
  "config": {},
  "extra": {
    "ds": {
      "scale": 0.6272192664137619,
      "offset": [
        914.7969800488067,
        94.48251788391298
      ]
    },
    "VHS_latentpreview": false,
    "VHS_latentpreviewrate": 0,
    "VHS_MetadataImage": true,
    "VHS_KeepIntermediate": true
  },
  "version": 0.4
}