{
  "id": "32fd16ef-0c85-4856-85c3-5d30c120cc34",
  "revision": 0,
  "last_node_id": 28,
  "last_link_id": 54,
  "nodes": [
    {
      "id": 3,
      "type": "LoraLoader",
      "pos": [
        86.03050231933594,
        264.6168212890625
      ],
      "size": [
        315,
        126
      ],
      "flags": {},
      "order": 7,
      "mode": 4,
      "inputs": [
        {
          "name": "model",
          "type": "MODEL",
          "link": 2
        },
        {
          "name": "clip",
          "type": "CLIP",
          "link": 3
        }
      ],
      "outputs": [
        {
          "name": "MODEL",
          "type": "MODEL",
          "links": [
            4
          ]
        },
        {
          "name": "CLIP",
          "type": "CLIP",
          "links": [
            5
          ]
        }
      ],
      "title": "追加LoRAを読み込む",
      "properties": {
        "cnr_id": "comfy-core",
        "ver": "0.3.27",
        "Node name for S&R": "LoraLoader"
      },
      "widgets_values": [
        "dmd2_sdxl_4step_lora_fp16.safetensors",
        1,
        1
      ]
    },
    {
      "id": 2,
      "type": "LoraLoader",
      "pos": [
        90.71049499511719,
        450.79693603515625
      ],
      "size": [
        315,
        126
      ],
      "flags": {},
      "order": 10,
      "mode": 0,
      "inputs": [
        {
          "name": "model",
          "type": "MODEL",
          "link": 4
        },
        {
          "name": "clip",
          "type": "CLIP",
          "link": 5
        }
      ],
      "outputs": [
        {
          "name": "MODEL",
          "type": "MODEL",
          "links": [
            9
          ]
        },
        {
          "name": "CLIP",
          "type": "CLIP",
          "links": [
            7,
            8
          ]
        }
      ],
      "title": "高速化LoRAを読み込む",
      "properties": {
        "cnr_id": "comfy-core",
        "ver": "0.3.27",
        "Node name for S&R": "LoraLoader"
      },
      "widgets_values": [
        "dmd2_sdxl_4step_lora_fp16.safetensors",
        1,
        1
      ],
      "color": "#232",
      "bgcolor": "#353"
    },
    {
      "id": 11,
      "type": "VAEDecode",
      "pos": [
        1246.1610107421875,
        99.17088317871094
      ],
      "size": [
        210,
        46
      ],
      "flags": {},
      "order": 15,
      "mode": 0,
      "inputs": [
        {
          "name": "samples",
          "type": "LATENT",
          "link": 13
        },
        {
          "name": "vae",
          "type": "VAE",
          "link": 14
        }
      ],
      "outputs": [
        {
          "name": "IMAGE",
          "type": "IMAGE",
          "links": [
            15
          ]
        }
      ],
      "properties": {
        "cnr_id": "comfy-core",
        "ver": "0.3.27",
        "Node name for S&R": "VAEDecode"
      },
      "widgets_values": []
    },
    {
      "id": 10,
      "type": "SaveImage",
      "pos": [
        1250.1529541015625,
        201.6580810546875
      ],
      "size": [
        315,
        270
      ],
      "flags": {},
      "order": 16,
      "mode": 0,
      "inputs": [
        {
          "name": "images",
          "type": "IMAGE",
          "link": 15
        }
      ],
      "outputs": [],
      "properties": {
        "cnr_id": "comfy-core",
        "ver": "0.3.27"
      },
      "widgets_values": [
        "ComfyUI"
      ]
    },
    {
      "id": 6,
      "type": "CLIPTextEncode",
      "pos": [
        450.48236083984375,
        378.7198791503906
      ],
      "size": [
        400,
        200
      ],
      "flags": {},
      "order": 12,
      "mode": 0,
      "inputs": [
        {
          "name": "clip",
          "type": "CLIP",
          "link": 8
        }
      ],
      "outputs": [
        {
          "name": "CONDITIONING",
          "type": "CONDITIONING",
          "links": [
            30
          ]
        }
      ],
      "title": "ネガティブプロンプト",
      "properties": {
        "cnr_id": "comfy-core",
        "ver": "0.3.27",
        "Node name for S&R": "CLIPTextEncode"
      },
      "widgets_values": [
        "bad quality, worst quality, text, signature"
      ],
      "color": "#332922",
      "bgcolor": "#593930"
    },
    {
      "id": 5,
      "type": "CLIPTextEncode",
      "pos": [
        445.2405090332031,
        97.47686004638672
      ],
      "size": [
        400,
        200
      ],
      "flags": {},
      "order": 11,
      "mode": 0,
      "inputs": [
        {
          "name": "clip",
          "type": "CLIP",
          "link": 7
        }
      ],
      "outputs": [
        {
          "name": "CONDITIONING",
          "type": "CONDITIONING",
          "links": [
            48
          ]
        }
      ],
      "title": "ポジティブプロンプト",
      "properties": {
        "cnr_id": "comfy-core",
        "ver": "0.3.27",
        "Node name for S&R": "CLIPTextEncode"
      },
      "widgets_values": [
        "1girl, solo, pink hair, brown eyes, ponytail, school uniform, blazer, blue jacket, red bowtie, pleated skirt, blue skirt, classroom, looking at viewer, standing, angry, teeth"
      ],
      "color": "#332922",
      "bgcolor": "#593930"
    },
    {
      "id": 27,
      "type": "EmptyLatentImage",
      "pos": [
        905.7344970703125,
        519.8302612304688
      ],
      "size": [
        315,
        106
      ],
      "flags": {},
      "order": 8,
      "mode": 0,
      "inputs": [
        {
          "name": "width",
          "type": "INT",
          "widget": {
            "name": "width"
          },
          "link": 50
        },
        {
          "name": "height",
          "type": "INT",
          "widget": {
            "name": "height"
          },
          "link": 51
        }
      ],
      "outputs": [
        {
          "name": "LATENT",
          "type": "LATENT",
          "links": [
            52
          ]
        }
      ],
      "properties": {
        "cnr_id": "comfy-core",
        "ver": "0.3.27",
        "Node name for S&R": "EmptyLatentImage"
      },
      "widgets_values": [
        512,
        512,
        1
      ]
    },
    {
      "id": 8,
      "type": "KSampler",
      "pos": [
        890.5201416015625,
        97.47689819335938
      ],
      "size": [
        315,
        262
      ],
      "flags": {},
      "order": 14,
      "mode": 0,
      "inputs": [
        {
          "name": "model",
          "type": "MODEL",
          "link": 9
        },
        {
          "name": "positive",
          "type": "CONDITIONING",
          "link": 32
        },
        {
          "name": "negative",
          "type": "CONDITIONING",
          "link": 33
        },
        {
          "name": "latent_image",
          "type": "LATENT",
          "link": 52
        }
      ],
      "outputs": [
        {
          "name": "LATENT",
          "type": "LATENT",
          "links": [
            13
          ]
        }
      ],
      "properties": {
        "cnr_id": "comfy-core",
        "ver": "0.3.27",
        "Node name for S&R": "KSampler"
      },
      "widgets_values": [
        511288208208256,
        "randomize",
        8,
        2,
        "lcm",
        "simple",
        1
      ],
      "color": "#232",
      "bgcolor": "#353"
    },
    {
      "id": 7,
      "type": "MarkdownNote",
      "pos": [
        -210.5795135498047,
        96.26685333251953
      ],
      "size": [
        276.7300109863281,
        479.8700256347656
      ],
      "flags": {},
      "order": 0,
      "mode": 0,
      "inputs": [],
      "outputs": [],
      "properties": {},
      "widgets_values": [
        "# 推奨モデル\nダウンロードしたモデルはComfyUIフォルダのmodelsのcontrolnetに移動し、『チェックポイントを読み込む』ノードで設定。\n\n## コントロールネット\n- [iroiro-lora](https://huggingface.co/2vXpSwA7/iroiro-lora)\n- test_controlnet2のCN-anytest_v4-marged.safetensorsをダウンロード\n"
      ],
      "color": "#432",
      "bgcolor": "#653"
    },
    {
      "id": 28,
      "type": "LoadImageOutput",
      "pos": [
        98.74637603759766,
        651.9581909179688
      ],
      "size": [
        315,
        338
      ],
      "flags": {},
      "order": 1,
      "mode": 0,
      "inputs": [],
      "outputs": [
        {
          "name": "IMAGE",
          "type": "IMAGE",
          "links": [
            53,
            54
          ]
        },
        {
          "name": "MASK",
          "type": "MASK",
          "links": null
        }
      ],
      "properties": {
        "cnr_id": "comfy-core",
        "ver": "0.3.27",
        "Node name for S&R": "LoadImageOutput"
      },
      "widgets_values": [
        "ComfyUI_00043_.png [output]",
        "refresh",
        "image",
        ""
      ],
      "color": "#332922",
      "bgcolor": "#593930"
    },
    {
      "id": 22,
      "type": "DownloadAndLoadDepthAnythingV2Model",
      "pos": [
        71.594482421875,
        -19.521425247192383
      ],
      "size": [
        441,
        58
      ],
      "flags": {},
      "order": 2,
      "mode": 0,
      "inputs": [],
      "outputs": [
        {
          "name": "da_v2_model",
          "type": "DAMODEL",
          "links": [
            38
          ]
        }
      ],
      "properties": {
        "cnr_id": "comfyui-depthanythingv2",
        "ver": "9d7cb8c1e53b01744a75b599d3e91c93464a2d33",
        "Node name for S&R": "DownloadAndLoadDepthAnythingV2Model"
      },
      "widgets_values": [
        "depth_anything_v2_vitl_fp32.safetensors"
      ],
      "color": "#232",
      "bgcolor": "#353"
    },
    {
      "id": 21,
      "type": "DepthAnything_V2",
      "pos": [
        583.776123046875,
        -20.9145565032959
      ],
      "size": [
        214.20001220703125,
        46
      ],
      "flags": {},
      "order": 6,
      "mode": 0,
      "inputs": [
        {
          "name": "da_model",
          "type": "DAMODEL",
          "link": 38
        },
        {
          "name": "images",
          "type": "IMAGE",
          "link": 54
        }
      ],
      "outputs": [
        {
          "name": "image",
          "type": "IMAGE",
          "links": [
            40,
            47
          ]
        }
      ],
      "properties": {
        "cnr_id": "comfyui-depthanythingv2",
        "ver": "9d7cb8c1e53b01744a75b599d3e91c93464a2d33",
        "Node name for S&R": "DepthAnything_V2"
      },
      "widgets_values": []
    },
    {
      "id": 18,
      "type": "ControlNetApplyAdvanced",
      "pos": [
        896.752685546875,
        687.7486572265625
      ],
      "size": [
        315,
        186
      ],
      "flags": {},
      "order": 13,
      "mode": 0,
      "inputs": [
        {
          "name": "positive",
          "type": "CONDITIONING",
          "link": 48
        },
        {
          "name": "negative",
          "type": "CONDITIONING",
          "link": 30
        },
        {
          "name": "control_net",
          "type": "CONTROL_NET",
          "link": 35
        },
        {
          "name": "image",
          "type": "IMAGE",
          "link": 40
        },
        {
          "name": "vae",
          "shape": 7,
          "type": "VAE",
          "link": 36
        }
      ],
      "outputs": [
        {
          "name": "positive",
          "type": "CONDITIONING",
          "links": [
            32
          ]
        },
        {
          "name": "negative",
          "type": "CONDITIONING",
          "links": [
            33
          ]
        }
      ],
      "properties": {
        "cnr_id": "comfy-core",
        "ver": "0.3.27",
        "Node name for S&R": "ControlNetApplyAdvanced"
      },
      "widgets_values": [
        1,
        0,
        1
      ],
      "color": "#232",
      "bgcolor": "#353"
    },
    {
      "id": 20,
      "type": "ControlNetLoader",
      "pos": [
        469.4812316894531,
        626.382568359375
      ],
      "size": [
        315,
        58
      ],
      "flags": {},
      "order": 3,
      "mode": 0,
      "inputs": [],
      "outputs": [
        {
          "name": "CONTROL_NET",
          "type": "CONTROL_NET",
          "links": [
            35
          ]
        }
      ],
      "properties": {
        "cnr_id": "comfy-core",
        "ver": "0.3.27",
        "Node name for S&R": "ControlNetLoader"
      },
      "widgets_values": [
        "CN-anytest_v4-marged.safetensors"
      ],
      "color": "#232",
      "bgcolor": "#353"
    },
    {
      "id": 26,
      "type": "LayerUtility: GetImageSize",
      "pos": [
        476.8529357910156,
        739.7051391601562
      ],
      "size": [
        327.5999755859375,
        66
      ],
      "flags": {},
      "order": 5,
      "mode": 0,
      "inputs": [
        {
          "name": "image",
          "type": "IMAGE",
          "link": 53
        }
      ],
      "outputs": [
        {
          "name": "width",
          "type": "INT",
          "links": [
            50
          ]
        },
        {
          "name": "height",
          "type": "INT",
          "links": [
            51
          ]
        },
        {
          "name": "original_size",
          "type": "BOX",
          "links": null
        }
      ],
      "properties": {
        "cnr_id": "comfyui_layerstyle",
        "ver": "c0fb64d0ebcb81c6c445a8af79ecee24bc3845b0",
        "Node name for S&R": "LayerUtility: GetImageSize"
      },
      "widgets_values": [],
      "color": "rgba(38, 73, 116, 0.7)"
    },
    {
      "id": 25,
      "type": "PreviewImage",
      "pos": [
        481.4015808105469,
        862.34765625
      ],
      "size": [
        210,
        246
      ],
      "flags": {},
      "order": 9,
      "mode": 0,
      "inputs": [
        {
          "name": "images",
          "type": "IMAGE",
          "link": 47
        }
      ],
      "outputs": [],
      "properties": {
        "cnr_id": "comfy-core",
        "ver": "0.3.27",
        "Node name for S&R": "PreviewImage"
      },
      "widgets_values": []
    },
    {
      "id": 1,
      "type": "CheckpointLoaderSimple",
      "pos": [
        87.0804443359375,
        101.10685729980469
      ],
      "size": [
        315,
        98
      ],
      "flags": {},
      "order": 4,
      "mode": 0,
      "inputs": [],
      "outputs": [
        {
          "name": "MODEL",
          "type": "MODEL",
          "links": [
            2
          ]
        },
        {
          "name": "CLIP",
          "type": "CLIP",
          "links": [
            3
          ]
        },
        {
          "name": "VAE",
          "type": "VAE",
          "links": [
            14,
            36
          ]
        }
      ],
      "properties": {
        "cnr_id": "comfy-core",
        "ver": "0.3.27",
        "Node name for S&R": "CheckpointLoaderSimple"
      },
      "widgets_values": [
        "Illustrious-XL-v1.1.safetensors"
      ],
      "color": "#232",
      "bgcolor": "#353"
    }
  ],
  "links": [
    [
      2,
      1,
      0,
      3,
      0,
      "MODEL"
    ],
    [
      3,
      1,
      1,
      3,
      1,
      "CLIP"
    ],
    [
      4,
      3,
      0,
      2,
      0,
      "MODEL"
    ],
    [
      5,
      3,
      1,
      2,
      1,
      "CLIP"
    ],
    [
      7,
      2,
      1,
      5,
      0,
      "CLIP"
    ],
    [
      8,
      2,
      1,
      6,
      0,
      "CLIP"
    ],
    [
      9,
      2,
      0,
      8,
      0,
      "MODEL"
    ],
    [
      13,
      8,
      0,
      11,
      0,
      "LATENT"
    ],
    [
      14,
      1,
      2,
      11,
      1,
      "VAE"
    ],
    [
      15,
      11,
      0,
      10,
      0,
      "IMAGE"
    ],
    [
      30,
      6,
      0,
      18,
      1,
      "CONDITIONING"
    ],
    [
      32,
      18,
      0,
      8,
      1,
      "CONDITIONING"
    ],
    [
      33,
      18,
      1,
      8,
      2,
      "CONDITIONING"
    ],
    [
      35,
      20,
      0,
      18,
      2,
      "CONTROL_NET"
    ],
    [
      36,
      1,
      2,
      18,
      4,
      "VAE"
    ],
    [
      38,
      22,
      0,
      21,
      0,
      "DAMODEL"
    ],
    [
      40,
      21,
      0,
      18,
      3,
      "IMAGE"
    ],
    [
      47,
      21,
      0,
      25,
      0,
      "IMAGE"
    ],
    [
      48,
      5,
      0,
      18,
      0,
      "CONDITIONING"
    ],
    [
      50,
      26,
      0,
      27,
      0,
      "INT"
    ],
    [
      51,
      26,
      1,
      27,
      1,
      "INT"
    ],
    [
      52,
      27,
      0,
      8,
      3,
      "LATENT"
    ],
    [
      53,
      28,
      0,
      26,
      0,
      "IMAGE"
    ],
    [
      54,
      28,
      0,
      21,
      1,
      "IMAGE"
    ]
  ],
  "groups": [],
  "config": {},
  "extra": {
    "ds": {
      "scale": 0.7513148009015777,
      "offset": [
        364.1826644485432,
        98.84939898127651
      ]
    },
    "VHS_latentpreview": false,
    "VHS_latentpreviewrate": 0,
    "VHS_MetadataImage": true,
    "VHS_KeepIntermediate": true
  },
  "version": 0.4
}