{
  "id": "3656f872-d0a3-443d-ac6b-97d5dde79187",
  "revision": 0,
  "last_node_id": 16,
  "last_link_id": 15,
  "nodes": [
    {
      "id": 13,
      "type": "PreviewImage",
      "pos": [
        -150.2915496826172,
        -82.74636840820312
      ],
      "size": [
        210,
        246
      ],
      "flags": {},
      "order": 5,
      "mode": 0,
      "inputs": [
        {
          "name": "images",
          "type": "IMAGE",
          "link": 11
        }
      ],
      "outputs": [],
      "properties": {
        "cnr_id": "comfy-core",
        "ver": "0.3.27",
        "Node name for S&R": "PreviewImage"
      },
      "widgets_values": []
    },
    {
      "id": 12,
      "type": "MarkdownNote",
      "pos": [
        -900.2915649414062,
        -473.7463684082031
      ],
      "size": [
        328,
        512.0001220703125
      ],
      "flags": {},
      "order": 0,
      "mode": 0,
      "inputs": [],
      "outputs": [],
      "properties": {},
      "widgets_values": [
        "# モデル\n自動でダウンロードされるはずです。\n\n# カスタムノード\n- [ComfyUI_LayerStyle](https://github.com/chflame163/ComfyUI_LayerStyle)\n- [ComfyUI-RMBG](https://github.com/1038lab/ComfyUI-RMBG)\n\n# 注意\nComfyUI-RMBGはrequirements.txtに問題があってM4 Mac miniではそのままではComfyUI-Managerから\nインストールできないので、ComfyUI.RMGB.install.commandをComfyUIフォルダに移動し\nダブルクリックしてインストールしてください。"
      ],
      "color": "#432",
      "bgcolor": "#653"
    },
    {
      "id": 15,
      "type": "SaveImage",
      "pos": [
        185.7084503173828,
        -238.7463836669922
      ],
      "size": [
        315,
        270
      ],
      "flags": {},
      "order": 3,
      "mode": 0,
      "inputs": [
        {
          "name": "images",
          "type": "IMAGE",
          "link": 14
        }
      ],
      "outputs": [],
      "properties": {
        "cnr_id": "comfy-core",
        "ver": "0.3.27"
      },
      "widgets_values": [
        "ComfyUI"
      ]
    },
    {
      "id": 11,
      "type": "RMBG",
      "pos": [
        -191.29156494140625,
        -459.74639892578125
      ],
      "size": [
        315,
        290
      ],
      "flags": {},
      "order": 2,
      "mode": 0,
      "inputs": [
        {
          "name": "image",
          "type": "IMAGE",
          "link": 10
        }
      ],
      "outputs": [
        {
          "name": "IMAGE",
          "type": "IMAGE",
          "links": [
            12,
            14
          ]
        },
        {
          "name": "MASK",
          "type": "MASK",
          "links": [
            13
          ]
        },
        {
          "name": "MASK_IMAGE",
          "type": "IMAGE",
          "links": [
            11
          ]
        }
      ],
      "properties": {
        "cnr_id": "comfyui-rmbg",
        "ver": "e96e69d218b3ab1ef4a04314ad6518f9360819c8",
        "Node name for S&R": "RMBG"
      },
      "widgets_values": [
        "BEN",
        1,
        1024,
        0,
        0,
        "Alpha",
        false,
        "default",
        false
      ],
      "color": "#332922",
      "bgcolor": "#593930"
    },
    {
      "id": 14,
      "type": "LayerUtility: ImageRemoveAlpha",
      "pos": [
        164.7084503173828,
        -459.74639892578125
      ],
      "size": [
        378,
        102
      ],
      "flags": {},
      "order": 4,
      "mode": 0,
      "inputs": [
        {
          "name": "RGBA_image",
          "type": "IMAGE",
          "link": 12
        },
        {
          "name": "mask",
          "shape": 7,
          "type": "MASK",
          "link": 13
        }
      ],
      "outputs": [
        {
          "name": "RGB_image",
          "type": "IMAGE",
          "links": [
            15
          ]
        }
      ],
      "properties": {
        "cnr_id": "comfyui_layerstyle",
        "ver": "4b273d4f08ea28b0743ababab70ae2e6d93be194",
        "Node name for S&R": "LayerUtility: ImageRemoveAlpha"
      },
      "widgets_values": [
        true,
        "#00FF00"
      ],
      "color": "#232",
      "bgcolor": "#353"
    },
    {
      "id": 16,
      "type": "SaveImage",
      "pos": [
        583.9026489257812,
        -458.0035705566406
      ],
      "size": [
        315,
        270
      ],
      "flags": {},
      "order": 6,
      "mode": 0,
      "inputs": [
        {
          "name": "images",
          "type": "IMAGE",
          "link": 15
        }
      ],
      "outputs": [],
      "properties": {
        "cnr_id": "comfy-core",
        "ver": "0.3.27"
      },
      "widgets_values": [
        "ComfyUI"
      ]
    },
    {
      "id": 10,
      "type": "LoadImage",
      "pos": [
        -552.2915649414062,
        -462.7463684082031
      ],
      "size": [
        315,
        314
      ],
      "flags": {},
      "order": 1,
      "mode": 0,
      "inputs": [],
      "outputs": [
        {
          "name": "IMAGE",
          "type": "IMAGE",
          "links": [
            10
          ]
        },
        {
          "name": "MASK",
          "type": "MASK",
          "links": null
        }
      ],
      "properties": {
        "cnr_id": "comfy-core",
        "ver": "0.3.27",
        "Node name for S&R": "LoadImage"
      },
      "widgets_values": [
        "ComfyUI_00001_.png",
        "image",
        ""
      ],
      "color": "#332922",
      "bgcolor": "#593930"
    }
  ],
  "links": [
    [
      10,
      10,
      0,
      11,
      0,
      "IMAGE"
    ],
    [
      11,
      11,
      2,
      13,
      0,
      "IMAGE"
    ],
    [
      12,
      11,
      0,
      14,
      0,
      "IMAGE"
    ],
    [
      13,
      11,
      1,
      14,
      1,
      "MASK"
    ],
    [
      14,
      11,
      0,
      15,
      0,
      "IMAGE"
    ],
    [
      15,
      14,
      0,
      16,
      0,
      "IMAGE"
    ]
  ],
  "groups": [],
  "config": {},
  "extra": {
    "ds": {
      "scale": 0.7651739376638237,
      "offset": [
        1213.4906005859375,
        759.6548385620117
      ]
    },
    "VHS_latentpreview": false,
    "VHS_latentpreviewrate": 0,
    "VHS_MetadataImage": true,
    "VHS_KeepIntermediate": true
  },
  "version": 0.4
}