{
  "id": "0dfb1db9-8b41-47da-8cb8-a09de82804bd",
  "revision": 0,
  "last_node_id": 15,
  "last_link_id": 8,
  "nodes": [
    {
      "id": 6,
      "type": "DanbotV2408TemplateConfigNode",
      "pos": [
        1866.06591796875,
        2373.488525390625
      ],
      "size": [
        352.79998779296875,
        150
      ],
      "flags": {},
      "order": 5,
      "mode": 0,
      "inputs": [
        {
          "name": "aspect_ratio",
          "type": "COMBO",
          "widget": {
            "name": "aspect_ratio"
          },
          "link": 4
        }
      ],
      "outputs": [
        {
          "name": "template_config",
          "type": "DANBOT_TEMPLATE_CONFIG",
          "links": [
            6
          ]
        },
        {
          "name": "template_name",
          "type": "COMBO",
          "links": null
        }
      ],
      "properties": {
        "cnr_id": "danbot-comfy-node",
        "ver": "175f9ba48453af5922f5a513e100ca18e7a92c0d",
        "Node name for S&R": "DanbotV2408TemplateConfigNode"
      },
      "widgets_values": [
        "tall",
        "general",
        "very_short",
        "translation"
      ],
      "color": "#232",
      "bgcolor": "#353"
    },
    {
      "id": 14,
      "type": "DanbotV2408TemplateConfigNode",
      "pos": [
        1871.0660400390625,
        2604.55322265625
      ],
      "size": [
        352.79998779296875,
        150
      ],
      "flags": {},
      "order": 6,
      "mode": 0,
      "inputs": [
        {
          "name": "aspect_ratio",
          "type": "COMBO",
          "widget": {
            "name": "aspect_ratio"
          },
          "link": 5
        }
      ],
      "outputs": [
        {
          "name": "template_config",
          "type": "DANBOT_TEMPLATE_CONFIG",
          "links": [
            7
          ]
        },
        {
          "name": "template_name",
          "type": "COMBO",
          "links": null
        }
      ],
      "properties": {
        "cnr_id": "danbot-comfy-node",
        "ver": "175f9ba48453af5922f5a513e100ca18e7a92c0d",
        "Node name for S&R": "DanbotV2408TemplateConfigNode"
      },
      "widgets_values": [
        "tall",
        "general",
        "long",
        "translation"
      ],
      "color": "#232",
      "bgcolor": "#353"
    },
    {
      "id": 1,
      "type": "DanbotLoadModel",
      "pos": [
        1374.78466796875,
        2382.329345703125
      ],
      "size": [
        315,
        58
      ],
      "flags": {
        "collapsed": false
      },
      "order": 0,
      "mode": 0,
      "inputs": [],
      "outputs": [
        {
          "name": "danbot_model",
          "type": "DANBOT_MODEL",
          "links": [
            1
          ]
        }
      ],
      "properties": {
        "cnr_id": "danbot-comfy-node",
        "ver": "175f9ba48453af5922f5a513e100ca18e7a92c0d",
        "Node name for S&R": "DanbotLoadModel"
      },
      "widgets_values": [
        "DanbotNL 2408 260M"
      ],
      "color": "#232",
      "bgcolor": "#353"
    },
    {
      "id": 8,
      "type": "DanbotV2408PipelineNode",
      "pos": [
        2348.50830078125,
        2354.543701171875
      ],
      "size": [
        544.199951171875,
        190
      ],
      "flags": {
        "collapsed": false
      },
      "order": 7,
      "mode": 0,
      "inputs": [
        {
          "name": "danbot_model",
          "type": "DANBOT_MODEL",
          "link": 1
        },
        {
          "name": "translation_template_config",
          "shape": 7,
          "type": "DANBOT_TEMPLATE_CONFIG",
          "link": 6
        },
        {
          "name": "extension_template_config",
          "shape": 7,
          "type": "DANBOT_TEMPLATE_CONFIG",
          "link": 7
        },
        {
          "name": "generation_config",
          "shape": 7,
          "type": "DANBOT_GENERATION_CONFIG",
          "link": 3
        },
        {
          "name": "text_prompt",
          "type": "STRING",
          "widget": {
            "name": "text_prompt"
          },
          "link": 2
        },
        {
          "name": "ban_tags",
          "shape": 7,
          "type": "STRING",
          "widget": {
            "name": "ban_tags"
          },
          "link": null
        }
      ],
      "outputs": [
        {
          "name": "generated_tags",
          "type": "STRING",
          "links": [
            8
          ]
        },
        {
          "name": "translated_tags",
          "type": "STRING",
          "links": null
        },
        {
          "name": "extended_tags",
          "type": "STRING",
          "links": null
        },
        {
          "name": "raw_output",
          "type": "STRING",
          "links": null
        }
      ],
      "properties": {
        "cnr_id": "danbot-comfy-node",
        "ver": "175f9ba48453af5922f5a513e100ca18e7a92c0d",
        "Node name for S&R": "DanbotV2408PipelineNode"
      },
      "widgets_values": [
        "",
        3769802234,
        "randomize",
        ""
      ]
    },
    {
      "id": 2,
      "type": "DanbotV2408AutoAspectRatioTag",
      "pos": [
        1373.52099609375,
        2565.454833984375
      ],
      "size": [
        428.4000244140625,
        122
      ],
      "flags": {},
      "order": 1,
      "mode": 0,
      "inputs": [],
      "outputs": [
        {
          "name": "aspect_ratio_tag",
          "type": "COMBO",
          "links": [
            4,
            5
          ]
        },
        {
          "name": "width",
          "type": "INT",
          "links": null
        },
        {
          "name": "height",
          "type": "INT",
          "links": null
        }
      ],
      "properties": {
        "cnr_id": "danbot-comfy-node",
        "ver": "175f9ba48453af5922f5a513e100ca18e7a92c0d",
        "Node name for S&R": "DanbotV2408AutoAspectRatioTag"
      },
      "widgets_values": [
        896,
        1152
      ],
      "color": "#332922",
      "bgcolor": "#593930"
    },
    {
      "id": 5,
      "type": "DanbotUtilsTextInput",
      "pos": [
        1871.117919921875,
        2830.67138671875
      ],
      "size": [
        400,
        200
      ],
      "flags": {},
      "order": 2,
      "mode": 0,
      "inputs": [],
      "outputs": [
        {
          "name": "STRING",
          "type": "STRING",
          "links": [
            2
          ]
        }
      ],
      "title": "日本語で生成したい画像の内容を文章で書く。",
      "properties": {
        "cnr_id": "danbot-comfy-node",
        "ver": "175f9ba48453af5922f5a513e100ca18e7a92c0d",
        "Node name for S&R": "DanbotUtilsTextInput"
      },
      "widgets_values": [
        "猫耳で黒髪ロング、制服を着ており、目は黄色の少女。背景はハーフトーンのついた青で、白枠が付いている。ソファーに座って足を組みながらこっちを見ている。"
      ],
      "color": "#332922",
      "bgcolor": "#593930"
    },
    {
      "id": 4,
      "type": "DanbotUtilsPrintString",
      "pos": [
        2354.823486328125,
        2605.868408203125
      ],
      "size": [
        533.48779296875,
        390.47509765625
      ],
      "flags": {},
      "order": 8,
      "mode": 0,
      "inputs": [
        {
          "name": "input_string",
          "shape": 7,
          "type": "STRING",
          "widget": {
            "name": "input_string"
          },
          "link": 8
        }
      ],
      "outputs": [
        {
          "name": "STRING",
          "type": "STRING",
          "links": null
        }
      ],
      "title": "翻訳された英語プロンプト",
      "properties": {
        "cnr_id": "danbot-comfy-node",
        "ver": "175f9ba48453af5922f5a513e100ca18e7a92c0d",
        "Node name for S&R": "DanbotUtilsPrintString"
      },
      "widgets_values": [
        "",
        "1girl, solo, blue background, halftone background, looking at viewer, animal ears, school uniform, yellow eyes, black hair, long hair, sitting, crossed legs, cat ears, border, halftone, white border, couch, blue theme, gradient background, shirt, skirt, bow, short sleeves, white shirt, pleated skirt, head tilt, bowtie, cat girl"
      ]
    },
    {
      "id": 3,
      "type": "DanbotGenerationConfig",
      "pos": [
        1381.098876953125,
        2788.99462890625
      ],
      "size": [
        315,
        202
      ],
      "flags": {},
      "order": 3,
      "mode": 0,
      "inputs": [],
      "outputs": [
        {
          "name": "generation_config",
          "type": "DANBOT_GENERATION_CONFIG",
          "links": [
            3
          ]
        }
      ],
      "properties": {
        "cnr_id": "danbot-comfy-node",
        "ver": "175f9ba48453af5922f5a513e100ca18e7a92c0d",
        "Node name for S&R": "DanbotGenerationConfig"
      },
      "widgets_values": [
        256,
        "true",
        1,
        1,
        50,
        0,
        1
      ]
    },
    {
      "id": 15,
      "type": "MarkdownNote",
      "pos": [
        1032.5291748046875,
        2339.3896484375
      ],
      "size": [
        319.3367919921875,
        489.3979797363281
      ],
      "flags": {},
      "order": 4,
      "mode": 0,
      "inputs": [],
      "outputs": [],
      "properties": {},
      "widgets_values": [
        "# メモ\nモデルは自動ダウンロードされるはずです。\n\n[カスタムノード作者による解説](https://zenn.dev/platina/articles/66ac45608c836e)"
      ],
      "color": "#432",
      "bgcolor": "#653"
    }
  ],
  "links": [
    [
      1,
      1,
      0,
      8,
      0,
      "DANBOT_MODEL"
    ],
    [
      2,
      5,
      0,
      8,
      4,
      "STRING"
    ],
    [
      3,
      3,
      0,
      8,
      3,
      "DANBOT_GENERATION_CONFIG"
    ],
    [
      4,
      2,
      0,
      6,
      0,
      "COMBO"
    ],
    [
      5,
      2,
      0,
      14,
      0,
      "COMBO"
    ],
    [
      6,
      6,
      0,
      8,
      1,
      "DANBOT_TEMPLATE_CONFIG"
    ],
    [
      7,
      14,
      0,
      8,
      2,
      "DANBOT_TEMPLATE_CONFIG"
    ],
    [
      8,
      8,
      0,
      4,
      0,
      "STRING"
    ]
  ],
  "groups": [],
  "config": {},
  "extra": {
    "ds": {
      "scale": 0.7403550102850676,
      "offset": [
        -709.165995279948,
        -2060.8633022089116
      ]
    },
    "VHS_latentpreview": false,
    "VHS_latentpreviewrate": 0,
    "VHS_MetadataImage": true,
    "VHS_KeepIntermediate": true
  },
  "version": 0.4
}