{
  "id": "7fd4b907-1124-476d-bb0d-6bddff97dec8",
  "revision": 0,
  "last_node_id": 23,
  "last_link_id": 24,
  "nodes": [
    {
      "id": 12,
      "type": "CLIPLoader",
      "pos": [
        1618.5311279296875,
        2432.846923828125
      ],
      "size": [
        315,
        98
      ],
      "flags": {},
      "order": 0,
      "mode": 0,
      "inputs": [],
      "outputs": [
        {
          "name": "CLIP",
          "type": "CLIP",
          "links": [
            10,
            11
          ]
        }
      ],
      "properties": {
        "cnr_id": "comfy-core",
        "ver": "0.3.27",
        "Node name for S&R": "CLIPLoader"
      },
      "widgets_values": [
        "t5_base.safetensors",
        "stable_audio",
        "default"
      ],
      "color": "#232",
      "bgcolor": "#353"
    },
    {
      "id": 15,
      "type": "EmptyLatentAudio",
      "pos": [
        2044.140380859375,
        2831.9345703125
      ],
      "size": [
        315,
        82
      ],
      "flags": {},
      "order": 1,
      "mode": 0,
      "inputs": [],
      "outputs": [
        {
          "name": "LATENT",
          "type": "LATENT",
          "links": [
            13
          ]
        }
      ],
      "properties": {
        "cnr_id": "comfy-core",
        "ver": "0.3.27",
        "Node name for S&R": "EmptyLatentAudio"
      },
      "widgets_values": [
        60,
        1
      ],
      "color": "#332922",
      "bgcolor": "#593930"
    },
    {
      "id": 14,
      "type": "CLIPTextEncode",
      "pos": [
        2025.1962890625,
        2536.40771484375
      ],
      "size": [
        400,
        200
      ],
      "flags": {},
      "order": 9,
      "mode": 0,
      "inputs": [
        {
          "name": "clip",
          "type": "CLIP",
          "link": 11
        }
      ],
      "outputs": [
        {
          "name": "CONDITIONING",
          "type": "CONDITIONING",
          "links": [
            15
          ]
        }
      ],
      "title": "ネガティブプロンプト",
      "properties": {
        "cnr_id": "comfy-core",
        "ver": "0.3.27",
        "Node name for S&R": "CLIPTextEncode"
      },
      "widgets_values": [
        ""
      ],
      "color": "#332922",
      "bgcolor": "#593930"
    },
    {
      "id": 18,
      "type": "SaveAudio",
      "pos": [
        2856.208740234375,
        2416.42822265625
      ],
      "size": [
        315,
        112
      ],
      "flags": {},
      "order": 16,
      "mode": 0,
      "inputs": [
        {
          "name": "audio",
          "type": "AUDIO",
          "link": 18
        }
      ],
      "outputs": [],
      "properties": {
        "cnr_id": "comfy-core",
        "ver": "0.3.27",
        "Node name for S&R": "SaveAudio"
      },
      "widgets_values": [
        "audio/ComfyUI",
        ""
      ]
    },
    {
      "id": 17,
      "type": "VAEDecodeAudio",
      "pos": [
        2851.156005859375,
        2292.660888671875
      ],
      "size": [
        210,
        46
      ],
      "flags": {},
      "order": 14,
      "mode": 0,
      "inputs": [
        {
          "name": "samples",
          "type": "LATENT",
          "link": 16
        },
        {
          "name": "vae",
          "type": "VAE",
          "link": 17
        }
      ],
      "outputs": [
        {
          "name": "AUDIO",
          "type": "AUDIO",
          "links": [
            18
          ]
        }
      ],
      "properties": {
        "cnr_id": "comfy-core",
        "ver": "0.3.27",
        "Node name for S&R": "VAEDecodeAudio"
      },
      "widgets_values": []
    },
    {
      "id": 11,
      "type": "MarkdownNote",
      "pos": [
        1229.547119140625,
        2259.82421875
      ],
      "size": [
        352.1731262207031,
        456.5616455078125
      ],
      "flags": {},
      "order": 2,
      "mode": 0,
      "inputs": [],
      "outputs": [],
      "properties": {},
      "widgets_values": [
        "# 推奨モデル\nダウンロードしたモデルはComfyUIフォルダのmodelsのcheckpointsに移動し、『チェックポイントを読み込む』ノードで設定。\n\n## 音声モデル\n- [本家](https://huggingface.co/tianweiy/DMD2)\n- [本家のミラー](https://huggingface.co/audo/stable-audio-open-1.0)\n  - [model.safetensors](https://huggingface.co/audo/stable-audio-open-1.0/blob/main/model.safetensors)ファイル名が被るので、ファイル名をmodel1.safetensorsに変更してください。\n- [追加学習版](https://huggingface.co/Nekochu/stable-audio-open-1.0-Music)\n  - [model.safetensors](https://huggingface.co/Nekochu/stable-audio-open-1.0-Music/blob/main/model.safetensors) ファイル名が被るので、ダウンロード後にmodel2.safetensorsに変更してください。\n\n## CLIPモデル\n- [t5_base](https://huggingface.co/google-t5/t5-base)\n  - [t5_base.safetensors](https://huggingface.co/google-t5/t5-base/blob/main/model.safetensors)これもファイル名が被るので、\n、t5_base.safetensorsに変更してください。\n\n# プロンプトの参考資料\n[音楽生成AI Stable Audioのプロンプトに使えそうな単語まとめ](https://zakozakocreator.com/stable-audio-prompt/)"
      ],
      "color": "#432",
      "bgcolor": "#653"
    },
    {
      "id": 13,
      "type": "CLIPTextEncode",
      "pos": [
        2025.196533203125,
        2278.768798828125
      ],
      "size": [
        400,
        200
      ],
      "flags": {},
      "order": 8,
      "mode": 0,
      "inputs": [
        {
          "name": "clip",
          "type": "CLIP",
          "link": 10
        }
      ],
      "outputs": [
        {
          "name": "CONDITIONING",
          "type": "CONDITIONING",
          "links": [
            14
          ]
        }
      ],
      "title": "ポジティブプロンプト",
      "properties": {
        "cnr_id": "comfy-core",
        "ver": "0.3.27",
        "Node name for S&R": "CLIPTextEncode"
      },
      "widgets_values": [
        "calm classical music"
      ],
      "color": "#332922",
      "bgcolor": "#593930"
    },
    {
      "id": 10,
      "type": "CheckpointLoaderSimple",
      "pos": [
        1613.4798583984375,
        2280.031982421875
      ],
      "size": [
        315,
        98
      ],
      "flags": {},
      "order": 3,
      "mode": 0,
      "inputs": [],
      "outputs": [
        {
          "name": "MODEL",
          "type": "MODEL",
          "links": [
            12
          ]
        },
        {
          "name": "CLIP",
          "type": "CLIP",
          "links": null
        },
        {
          "name": "VAE",
          "type": "VAE",
          "links": [
            17
          ]
        }
      ],
      "properties": {
        "cnr_id": "comfy-core",
        "ver": "0.3.27",
        "Node name for S&R": "CheckpointLoaderSimple"
      },
      "widgets_values": [
        "model2.safetensors"
      ],
      "color": "#232",
      "bgcolor": "#353"
    },
    {
      "id": 16,
      "type": "KSampler",
      "pos": [
        2500.059814453125,
        2291.3984375
      ],
      "size": [
        315,
        262
      ],
      "flags": {},
      "order": 12,
      "mode": 0,
      "inputs": [
        {
          "name": "model",
          "type": "MODEL",
          "link": 12
        },
        {
          "name": "positive",
          "type": "CONDITIONING",
          "link": 14
        },
        {
          "name": "negative",
          "type": "CONDITIONING",
          "link": 15
        },
        {
          "name": "latent_image",
          "type": "LATENT",
          "link": 13
        }
      ],
      "outputs": [
        {
          "name": "LATENT",
          "type": "LATENT",
          "links": [
            16
          ]
        }
      ],
      "properties": {
        "cnr_id": "comfy-core",
        "ver": "0.3.27",
        "Node name for S&R": "KSampler"
      },
      "widgets_values": [
        509732855536972,
        "randomize",
        50,
        5,
        "dpmpp_3m_sde_gpu",
        "exponential",
        1
      ],
      "color": "#232",
      "bgcolor": "#353"
    },
    {
      "id": 20,
      "type": "EmptyLatentAudio",
      "pos": [
        426.32537841796875,
        640.5833740234375
      ],
      "size": [
        315,
        82
      ],
      "flags": {},
      "order": 4,
      "mode": 0,
      "inputs": [],
      "outputs": [
        {
          "name": "LATENT",
          "type": "LATENT",
          "links": [
            19
          ]
        }
      ],
      "properties": {
        "cnr_id": "comfy-core",
        "ver": "0.3.27",
        "Node name for S&R": "EmptyLatentAudio"
      },
      "widgets_values": [
        30,
        1
      ],
      "color": "#332922",
      "bgcolor": "#593930"
    },
    {
      "id": 21,
      "type": "MarkdownNote",
      "pos": [
        -270.30194091796875,
        170.83644104003906
      ],
      "size": [
        251.98941040039062,
        540.3875732421875
      ],
      "flags": {},
      "order": 5,
      "mode": 0,
      "inputs": [],
      "outputs": [],
      "properties": {},
      "widgets_values": [
        "# 推奨モデル\n\n- [stable audio open 1.0](https://huggingface.co/audo/stable-audio-open-1.0/resolve/main/model.safetensors)\n- [stable audio open music 1.0](https://huggingface.co/Nekochu/stable-audio-open-1.0-Music/resolve/main/model.safetensors)をダウンロード"
      ],
      "color": "#432",
      "bgcolor": "#653"
    },
    {
      "id": 7,
      "type": "CLIPTextEncode",
      "pos": [
        413,
        389
      ],
      "size": [
        425.27801513671875,
        180.6060791015625
      ],
      "flags": {},
      "order": 11,
      "mode": 0,
      "inputs": [
        {
          "name": "clip",
          "type": "CLIP",
          "link": 24
        }
      ],
      "outputs": [
        {
          "name": "CONDITIONING",
          "type": "CONDITIONING",
          "slot_index": 0,
          "links": [
            6
          ]
        }
      ],
      "title": "ネガティブプロンプト",
      "properties": {
        "cnr_id": "comfy-core",
        "ver": "0.3.27",
        "Node name for S&R": "CLIPTextEncode"
      },
      "widgets_values": [
        ""
      ],
      "color": "#332922",
      "bgcolor": "#593930"
    },
    {
      "id": 22,
      "type": "SaveAudio",
      "pos": [
        878.6535034179688,
        625.5718383789062
      ],
      "size": [
        315,
        112
      ],
      "flags": {},
      "order": 17,
      "mode": 0,
      "inputs": [
        {
          "name": "audio",
          "type": "AUDIO",
          "link": 22
        }
      ],
      "outputs": [],
      "properties": {
        "cnr_id": "comfy-core",
        "ver": "0.3.27",
        "Node name for S&R": "SaveAudio"
      },
      "widgets_values": [
        "audio/ComfyUI",
        ""
      ]
    },
    {
      "id": 3,
      "type": "KSampler",
      "pos": [
        865.4443359375,
        196.09014892578125
      ],
      "size": [
        315,
        262
      ],
      "flags": {},
      "order": 13,
      "mode": 0,
      "inputs": [
        {
          "name": "model",
          "type": "MODEL",
          "link": 1
        },
        {
          "name": "positive",
          "type": "CONDITIONING",
          "link": 4
        },
        {
          "name": "negative",
          "type": "CONDITIONING",
          "link": 6
        },
        {
          "name": "latent_image",
          "type": "LATENT",
          "link": 19
        }
      ],
      "outputs": [
        {
          "name": "LATENT",
          "type": "LATENT",
          "slot_index": 0,
          "links": [
            20
          ]
        }
      ],
      "properties": {
        "cnr_id": "comfy-core",
        "ver": "0.3.27",
        "Node name for S&R": "KSampler"
      },
      "widgets_values": [
        326899420951057,
        "randomize",
        50,
        5,
        "dpmpp_3m_sde_gpu",
        "exponential",
        1
      ],
      "color": "#232",
      "bgcolor": "#353"
    },
    {
      "id": 4,
      "type": "CheckpointLoaderSimple",
      "pos": [
        25.309602737426758,
        194.34620666503906
      ],
      "size": [
        315,
        98
      ],
      "flags": {},
      "order": 6,
      "mode": 0,
      "inputs": [],
      "outputs": [
        {
          "name": "MODEL",
          "type": "MODEL",
          "slot_index": 0,
          "links": [
            1
          ]
        },
        {
          "name": "CLIP",
          "type": "CLIP",
          "slot_index": 1,
          "links": []
        },
        {
          "name": "VAE",
          "type": "VAE",
          "slot_index": 2,
          "links": [
            21
          ]
        }
      ],
      "properties": {
        "cnr_id": "comfy-core",
        "ver": "0.3.27",
        "Node name for S&R": "CheckpointLoaderSimple"
      },
      "widgets_values": [
        "stable-audio-open-1.0.safetensors"
      ],
      "color": "#232",
      "bgcolor": "#353"
    },
    {
      "id": 23,
      "type": "VAEDecodeAudio",
      "pos": [
        882.7119750976562,
        511.19879150390625
      ],
      "size": [
        210,
        46
      ],
      "flags": {},
      "order": 15,
      "mode": 0,
      "inputs": [
        {
          "name": "samples",
          "type": "LATENT",
          "link": 20
        },
        {
          "name": "vae",
          "type": "VAE",
          "link": 21
        }
      ],
      "outputs": [
        {
          "name": "AUDIO",
          "type": "AUDIO",
          "links": [
            22
          ]
        }
      ],
      "properties": {
        "cnr_id": "comfy-core",
        "ver": "0.3.27",
        "Node name for S&R": "VAEDecodeAudio"
      }
    },
    {
      "id": 6,
      "type": "CLIPTextEncode",
      "pos": [
        415,
        186
      ],
      "size": [
        422.84503173828125,
        164.31304931640625
      ],
      "flags": {},
      "order": 10,
      "mode": 0,
      "inputs": [
        {
          "name": "clip",
          "type": "CLIP",
          "link": 23
        }
      ],
      "outputs": [
        {
          "name": "CONDITIONING",
          "type": "CONDITIONING",
          "slot_index": 0,
          "links": [
            4
          ]
        }
      ],
      "title": "ポジティブプロンプト",
      "properties": {
        "cnr_id": "comfy-core",
        "ver": "0.3.27",
        "Node name for S&R": "CLIPTextEncode"
      },
      "widgets_values": [
        "heaven church electronic dance music"
      ],
      "color": "#332922",
      "bgcolor": "#593930"
    },
    {
      "id": 19,
      "type": "CLIPLoader",
      "pos": [
        27.008493423461914,
        418.4379577636719
      ],
      "size": [
        315,
        98
      ],
      "flags": {},
      "order": 7,
      "mode": 0,
      "inputs": [],
      "outputs": [
        {
          "name": "CLIP",
          "type": "CLIP",
          "links": [
            23,
            24
          ]
        }
      ],
      "properties": {
        "cnr_id": "comfy-core",
        "ver": "0.3.27",
        "Node name for S&R": "CLIPLoader"
      },
      "widgets_values": [
        "t5_base.safetensors",
        "stable_audio",
        "default"
      ],
      "color": "#232",
      "bgcolor": "#353"
    }
  ],
  "links": [
    [
      1,
      4,
      0,
      3,
      0,
      "MODEL"
    ],
    [
      4,
      6,
      0,
      3,
      1,
      "CONDITIONING"
    ],
    [
      6,
      7,
      0,
      3,
      2,
      "CONDITIONING"
    ],
    [
      10,
      12,
      0,
      13,
      0,
      "CLIP"
    ],
    [
      11,
      12,
      0,
      14,
      0,
      "CLIP"
    ],
    [
      12,
      10,
      0,
      16,
      0,
      "MODEL"
    ],
    [
      13,
      15,
      0,
      16,
      3,
      "LATENT"
    ],
    [
      14,
      13,
      0,
      16,
      1,
      "CONDITIONING"
    ],
    [
      15,
      14,
      0,
      16,
      2,
      "CONDITIONING"
    ],
    [
      16,
      16,
      0,
      17,
      0,
      "LATENT"
    ],
    [
      17,
      10,
      2,
      17,
      1,
      "VAE"
    ],
    [
      18,
      17,
      0,
      18,
      0,
      "AUDIO"
    ],
    [
      19,
      20,
      0,
      3,
      3,
      "LATENT"
    ],
    [
      20,
      3,
      0,
      23,
      0,
      "LATENT"
    ],
    [
      21,
      4,
      2,
      23,
      1,
      "VAE"
    ],
    [
      22,
      23,
      0,
      22,
      0,
      "AUDIO"
    ],
    [
      23,
      19,
      0,
      6,
      0,
      "CLIP"
    ],
    [
      24,
      19,
      0,
      7,
      0,
      "CLIP"
    ]
  ],
  "groups": [],
  "config": {},
  "extra": {
    "ds": {
      "scale": 0.837377237726947,
      "offset": [
        444.1193449361332,
        71.17196515781609
      ]
    },
    "VHS_latentpreview": false,
    "VHS_latentpreviewrate": 0,
    "VHS_MetadataImage": true,
    "VHS_KeepIntermediate": true
  },
  "version": 0.4
}