{
  "id": "e7244fa9-0532-4ee7-83c5-82026e8ea133",
  "revision": 0,
  "last_node_id": 12,
  "last_link_id": 10,
  "nodes": [
    {
      "id": 4,
      "type": "ModelSamplingSD3",
      "pos": [
        522.4313354492188,
        6.004647731781006
      ],
      "size": [
        315,
        58
      ],
      "flags": {},
      "order": 4,
      "mode": 0,
      "inputs": [
        {
          "name": "model",
          "type": "MODEL",
          "link": 1
        }
      ],
      "outputs": [
        {
          "name": "MODEL",
          "type": "MODEL",
          "links": [
            6
          ]
        }
      ],
      "properties": {
        "cnr_id": "comfy-core",
        "ver": "0.3.27",
        "Node name for S&R": "ModelSamplingSD3"
      },
      "widgets_values": [
        8.000000000000002
      ],
      "color": "#232",
      "bgcolor": "#353"
    },
    {
      "id": 12,
      "type": "VAEDecode",
      "pos": [
        1369.2828369140625,
        8.082839965820312
      ],
      "size": [
        210,
        46
      ],
      "flags": {},
      "order": 8,
      "mode": 0,
      "inputs": [
        {
          "name": "samples",
          "type": "LATENT",
          "link": 8
        },
        {
          "name": "vae",
          "type": "VAE",
          "link": 10
        }
      ],
      "outputs": [
        {
          "name": "IMAGE",
          "type": "IMAGE",
          "links": [
            9
          ]
        }
      ],
      "properties": {
        "cnr_id": "comfy-core",
        "ver": "0.3.27",
        "Node name for S&R": "VAEDecode"
      },
      "widgets_values": []
    },
    {
      "id": 6,
      "type": "CLIPTextEncode",
      "pos": [
        528.508056640625,
        418.6545104980469
      ],
      "size": [
        400,
        200
      ],
      "flags": {},
      "order": 6,
      "mode": 0,
      "inputs": [
        {
          "name": "clip",
          "type": "CLIP",
          "link": 3
        }
      ],
      "outputs": [
        {
          "name": "CONDITIONING",
          "type": "CONDITIONING",
          "links": [
            5
          ]
        }
      ],
      "title": "ネガティブプロンプト",
      "properties": {
        "cnr_id": "comfy-core",
        "ver": "0.3.27",
        "Node name for S&R": "CLIPTextEncode"
      },
      "widgets_values": [
        "Overexposure, static, blurred details, subtitles, still, overall gray, worst quality, low quality, JPEG compression residue, ugly, mutilated, redundant fingers, poorly painted hands, poorly painted faces, deformed, disfigured, deformed limbs, fused fingers, cluttered background, three legs, a lot of people in the background, upside down, character is not moving"
      ],
      "color": "#332922",
      "bgcolor": "#593930"
    },
    {
      "id": 2,
      "type": "UnetLoaderGGUF",
      "pos": [
        105.81657409667969,
        6.923157691955566
      ],
      "size": [
        315,
        58
      ],
      "flags": {},
      "order": 0,
      "mode": 0,
      "inputs": [],
      "outputs": [
        {
          "name": "MODEL",
          "type": "MODEL",
          "links": [
            1
          ]
        }
      ],
      "properties": {
        "cnr_id": "ComfyUI-GGUF",
        "ver": "6de4bdba30f142955ebf6f210533000ef094bf0e",
        "Node name for S&R": "UnetLoaderGGUF"
      },
      "widgets_values": [
        "wan2.1-t2v-14b-Q4_K_M.gguf"
      ],
      "color": "#232",
      "bgcolor": "#353"
    },
    {
      "id": 9,
      "type": "KSampler",
      "pos": [
        1024.86767578125,
        6.584447860717773
      ],
      "size": [
        315,
        262
      ],
      "flags": {},
      "order": 7,
      "mode": 0,
      "inputs": [
        {
          "name": "model",
          "type": "MODEL",
          "link": 6
        },
        {
          "name": "positive",
          "type": "CONDITIONING",
          "link": 4
        },
        {
          "name": "negative",
          "type": "CONDITIONING",
          "link": 5
        },
        {
          "name": "latent_image",
          "type": "LATENT",
          "link": 7
        }
      ],
      "outputs": [
        {
          "name": "LATENT",
          "type": "LATENT",
          "links": [
            8
          ]
        }
      ],
      "properties": {
        "cnr_id": "comfy-core",
        "ver": "0.3.27",
        "Node name for S&R": "KSampler"
      },
      "widgets_values": [
        896035915476870,
        "randomize",
        10,
        7,
        "euler",
        "normal",
        1
      ],
      "color": "#232",
      "bgcolor": "#353"
    },
    {
      "id": 10,
      "type": "VHS_VideoCombine",
      "pos": [
        1620.5343017578125,
        -0.6712384223937988
      ],
      "size": [
        219.3603515625,
        613.8137817382812
      ],
      "flags": {},
      "order": 9,
      "mode": 0,
      "inputs": [
        {
          "name": "images",
          "type": "IMAGE",
          "link": 9
        },
        {
          "name": "audio",
          "shape": 7,
          "type": "AUDIO",
          "link": null
        },
        {
          "name": "meta_batch",
          "shape": 7,
          "type": "VHS_BatchManager",
          "link": null
        },
        {
          "name": "vae",
          "shape": 7,
          "type": "VAE",
          "link": null
        }
      ],
      "outputs": [
        {
          "name": "Filenames",
          "type": "VHS_FILENAMES",
          "links": null
        }
      ],
      "properties": {
        "cnr_id": "comfyui-videohelpersuite",
        "ver": "df55f01d1df2f7bf5cc772294bc2e6d8bab22d66",
        "Node name for S&R": "VHS_VideoCombine"
      },
      "widgets_values": {
        "frame_rate": 16,
        "loop_count": 0,
        "filename_prefix": "WanVideo",
        "format": "video/h264-mp4",
        "pix_fmt": "yuv420p",
        "crf": 17,
        "save_metadata": true,
        "trim_to_audio": false,
        "pingpong": false,
        "save_output": true,
        "videopreview": {
          "hidden": false,
          "paused": false,
          "params": {
            "filename": "WanVideo_00001.mp4",
            "subfolder": "",
            "type": "output",
            "format": "video/h264-mp4",
            "frame_rate": 16,
            "workflow": "WanVideo_00001.png",
            "fullpath": "/Users/asfdrwe/Documents/ComfyUI/output/WanVideo_00001.mp4"
          }
        }
      },
      "color": "#232",
      "bgcolor": "#353"
    },
    {
      "id": 3,
      "type": "CLIPLoaderGGUF",
      "pos": [
        105.73958587646484,
        159.37042236328125
      ],
      "size": [
        315,
        82
      ],
      "flags": {},
      "order": 1,
      "mode": 0,
      "inputs": [],
      "outputs": [
        {
          "name": "CLIP",
          "type": "CLIP",
          "links": [
            2,
            3
          ]
        }
      ],
      "properties": {
        "cnr_id": "ComfyUI-GGUF",
        "ver": "6de4bdba30f142955ebf6f210533000ef094bf0e",
        "Node name for S&R": "CLIPLoaderGGUF"
      },
      "widgets_values": [
        "umt5-xxl-encoder-Q4_K_M.gguf",
        "wan"
      ],
      "color": "#232",
      "bgcolor": "#353"
    },
    {
      "id": 5,
      "type": "CLIPTextEncode",
      "pos": [
        525.1605224609375,
        147.3990020751953
      ],
      "size": [
        400,
        200
      ],
      "flags": {},
      "order": 5,
      "mode": 0,
      "inputs": [
        {
          "name": "clip",
          "type": "CLIP",
          "link": 2
        }
      ],
      "outputs": [
        {
          "name": "CONDITIONING",
          "type": "CONDITIONING",
          "links": [
            4
          ]
        }
      ],
      "title": "ポジティブプロンプト",
      "properties": {
        "cnr_id": "comfy-core",
        "ver": "0.3.27",
        "Node name for S&R": "CLIPTextEncode"
      },
      "widgets_values": [
        "This is a high quality anime style movie of a girl talking in classroom.\nShe is talking to the camera and smiling."
      ],
      "color": "#332922",
      "bgcolor": "#593930"
    },
    {
      "id": 7,
      "type": "VAELoader",
      "pos": [
        106.07308959960938,
        353.58685302734375
      ],
      "size": [
        315,
        58
      ],
      "flags": {},
      "order": 2,
      "mode": 0,
      "inputs": [],
      "outputs": [
        {
          "name": "VAE",
          "type": "VAE",
          "links": [
            10
          ]
        }
      ],
      "properties": {
        "cnr_id": "comfy-core",
        "ver": "0.3.27",
        "Node name for S&R": "VAELoader"
      },
      "widgets_values": [
        "wan_2.1_vae.safetensors"
      ],
      "color": "#232",
      "bgcolor": "#353"
    },
    {
      "id": 8,
      "type": "EmptyHunyuanLatentVideo",
      "pos": [
        528.7682495117188,
        705.6898193359375
      ],
      "size": [
        315,
        130
      ],
      "flags": {},
      "order": 3,
      "mode": 0,
      "inputs": [],
      "outputs": [
        {
          "name": "LATENT",
          "type": "LATENT",
          "links": [
            7
          ]
        }
      ],
      "properties": {
        "cnr_id": "comfy-core",
        "ver": "0.3.27",
        "Node name for S&R": "EmptyHunyuanLatentVideo"
      },
      "widgets_values": [
        240,
        320,
        17,
        1
      ],
      "color": "#332922",
      "bgcolor": "#593930"
    }
  ],
  "links": [
    [
      1,
      2,
      0,
      4,
      0,
      "MODEL"
    ],
    [
      2,
      3,
      0,
      5,
      0,
      "CLIP"
    ],
    [
      3,
      3,
      0,
      6,
      0,
      "CLIP"
    ],
    [
      4,
      5,
      0,
      9,
      1,
      "CONDITIONING"
    ],
    [
      5,
      6,
      0,
      9,
      2,
      "CONDITIONING"
    ],
    [
      6,
      4,
      0,
      9,
      0,
      "MODEL"
    ],
    [
      7,
      8,
      0,
      9,
      3,
      "LATENT"
    ],
    [
      8,
      9,
      0,
      12,
      0,
      "LATENT"
    ],
    [
      9,
      12,
      0,
      10,
      0,
      "IMAGE"
    ],
    [
      10,
      7,
      0,
      12,
      1,
      "VAE"
    ]
  ],
  "groups": [],
  "config": {},
  "extra": {
    "ds": {
      "scale": 0.761252034297225,
      "offset": [
        207.95516308166546,
        211.19510180441708
      ]
    },
    "VHS_latentpreview": false,
    "VHS_latentpreviewrate": 0,
    "VHS_MetadataImage": true,
    "VHS_KeepIntermediate": true
  },
  "version": 0.4
}