{
  "id": "c0259027-c40d-4ccb-a9e5-f542b27acc21",
  "revision": 0,
  "last_node_id": 11,
  "last_link_id": 12,
  "nodes": [
    {
      "id": 2,
      "type": "UpscaleModelLoader",
      "pos": [
        -50.226112365722656,
        -566.4068603515625
      ],
      "size": [
        315,
        58
      ],
      "flags": {},
      "order": 0,
      "mode": 0,
      "inputs": [],
      "outputs": [
        {
          "name": "UPSCALE_MODEL",
          "type": "UPSCALE_MODEL",
          "links": [
            2
          ]
        }
      ],
      "properties": {
        "cnr_id": "comfy-core",
        "ver": "0.3.27",
        "Node name for S&R": "UpscaleModelLoader"
      },
      "widgets_values": [
        "4x-UltraSharp.safetensors"
      ],
      "color": "#232",
      "bgcolor": "#353"
    },
    {
      "id": 4,
      "type": "MarkdownNote",
      "pos": [
        -749.1364135742188,
        -562.2575073242188
      ],
      "size": [
        331.1279296875,
        520.5660400390625
      ],
      "flags": {},
      "order": 1,
      "mode": 0,
      "inputs": [],
      "outputs": [],
      "properties": {},
      "widgets_values": [
        "# 推奨モデル\nComfyUIフォルダのmodelsフォルダのupscale_modelsフォルダに移動。\n\n## 拡大モデル\n- [4x-UltraSharp](https://huggingface.co/Kim2091/UltraSharp)\n- [4x-UltraSharp.safetensors](https://huggingface.co/Kim2091/UltraSharp/blob/main/4x-UltraSharp.safetensors)をダウンロード\n\n## 注意\nそのままではM4 Mac miniでは動かないので、[こちら](https://github.com/comfyanonymous/ComfyUI/issues/5075#issuecomment-2557928679)を参考にしたパッチを当ててください。"
      ],
      "color": "#432",
      "bgcolor": "#653"
    },
    {
      "id": 3,
      "type": "ImageUpscaleWithModel",
      "pos": [
        -40.17160415649414,
        -440.81658935546875
      ],
      "size": [
        210,
        46
      ],
      "flags": {},
      "order": 3,
      "mode": 0,
      "inputs": [
        {
          "name": "upscale_model",
          "type": "UPSCALE_MODEL",
          "link": 2
        },
        {
          "name": "image",
          "type": "IMAGE",
          "link": 8
        }
      ],
      "outputs": [
        {
          "name": "IMAGE",
          "type": "IMAGE",
          "links": [
            12
          ]
        }
      ],
      "properties": {
        "cnr_id": "comfy-core",
        "ver": "0.3.27",
        "Node name for S&R": "ImageUpscaleWithModel"
      },
      "widgets_values": []
    },
    {
      "id": 10,
      "type": "VHS_VideoCombine",
      "pos": [
        360.0971374511719,
        -561.8649291992188
      ],
      "size": [
        219.3603515625,
        334
      ],
      "flags": {},
      "order": 5,
      "mode": 0,
      "inputs": [
        {
          "name": "images",
          "type": "IMAGE",
          "link": 12
        },
        {
          "name": "audio",
          "shape": 7,
          "type": "AUDIO",
          "link": null
        },
        {
          "name": "meta_batch",
          "shape": 7,
          "type": "VHS_BatchManager",
          "link": null
        },
        {
          "name": "vae",
          "shape": 7,
          "type": "VAE",
          "link": null
        },
        {
          "name": "frame_rate",
          "type": "FLOAT,INT",
          "widget": {
            "name": "frame_rate"
          },
          "link": 11
        }
      ],
      "outputs": [
        {
          "name": "Filenames",
          "type": "VHS_FILENAMES",
          "links": null
        }
      ],
      "properties": {
        "cnr_id": "comfyui-videohelpersuite",
        "ver": "c9dcc3a229437df232d61da4f9697c87c1f22428",
        "Node name for S&R": "VHS_VideoCombine"
      },
      "widgets_values": {
        "frame_rate": 16,
        "loop_count": 0,
        "filename_prefix": "Video",
        "format": "video/h264-mp4",
        "pix_fmt": "yuv420p",
        "crf": 17,
        "save_metadata": true,
        "trim_to_audio": false,
        "pingpong": false,
        "save_output": true,
        "videopreview": {
          "hidden": false,
          "paused": false,
          "params": {
            "filename": "Hunyuan_00007.mp4",
            "subfolder": "",
            "type": "output",
            "format": "video/h264-mp4",
            "frame_rate": 24,
            "workflow": "Hunyuan_00007.png",
            "fullpath": "/Volumes/HIDISC SSD/ComfyUI/output/Hunyuan_00007.mp4"
          }
        }
      },
      "color": "#332922",
      "bgcolor": "#593930"
    },
    {
      "id": 11,
      "type": "VHS_VideoInfo",
      "pos": [
        -34.94599151611328,
        -307.5657958984375
      ],
      "size": [
        262,
        206
      ],
      "flags": {},
      "order": 4,
      "mode": 0,
      "inputs": [
        {
          "name": "video_info",
          "type": "VHS_VIDEOINFO",
          "link": 10
        }
      ],
      "outputs": [
        {
          "name": "source_fps🟨",
          "type": "FLOAT",
          "links": null
        },
        {
          "name": "source_frame_count🟨",
          "type": "INT",
          "links": null
        },
        {
          "name": "source_duration🟨",
          "type": "FLOAT",
          "links": null
        },
        {
          "name": "source_width🟨",
          "type": "INT",
          "links": null
        },
        {
          "name": "source_height🟨",
          "type": "INT",
          "links": null
        },
        {
          "name": "loaded_fps🟦",
          "type": "FLOAT",
          "links": [
            11
          ]
        },
        {
          "name": "loaded_frame_count🟦",
          "type": "INT",
          "links": null
        },
        {
          "name": "loaded_duration🟦",
          "type": "FLOAT",
          "links": null
        },
        {
          "name": "loaded_width🟦",
          "type": "INT",
          "links": null
        },
        {
          "name": "loaded_height🟦",
          "type": "INT",
          "links": null
        }
      ],
      "properties": {
        "cnr_id": "comfyui-videohelpersuite",
        "ver": "c9dcc3a229437df232d61da4f9697c87c1f22428",
        "Node name for S&R": "VHS_VideoInfo"
      },
      "widgets_values": {}
    },
    {
      "id": 9,
      "type": "VHS_LoadVideo",
      "pos": [
        -388.29156494140625,
        -556.746337890625
      ],
      "size": [
        252.056640625,
        310
      ],
      "flags": {},
      "order": 2,
      "mode": 0,
      "inputs": [
        {
          "name": "meta_batch",
          "shape": 7,
          "type": "VHS_BatchManager",
          "link": null
        },
        {
          "name": "vae",
          "shape": 7,
          "type": "VAE",
          "link": null
        }
      ],
      "outputs": [
        {
          "name": "IMAGE",
          "type": "IMAGE",
          "links": [
            8
          ]
        },
        {
          "name": "frame_count",
          "type": "INT",
          "links": null
        },
        {
          "name": "audio",
          "type": "AUDIO",
          "links": null
        },
        {
          "name": "video_info",
          "type": "VHS_VIDEOINFO",
          "links": [
            10
          ]
        }
      ],
      "properties": {
        "cnr_id": "comfyui-videohelpersuite",
        "ver": "c9dcc3a229437df232d61da4f9697c87c1f22428",
        "Node name for S&R": "VHS_LoadVideo"
      },
      "widgets_values": {
        "video": "HunyuanVideo_00001.mp4",
        "force_rate": 0,
        "custom_width": 0,
        "custom_height": 0,
        "frame_load_cap": 0,
        "skip_first_frames": 0,
        "select_every_nth": 1,
        "format": "Wan",
        "choose video to upload": "image",
        "videopreview": {
          "hidden": false,
          "paused": false,
          "params": {
            "filename": "HunyuanVideo_00001.mp4",
            "type": "input",
            "format": "video/mp4",
            "force_rate": 0,
            "custom_width": 0,
            "custom_height": 0,
            "frame_load_cap": 0,
            "skip_first_frames": 0,
            "select_every_nth": 1
          }
        }
      },
      "color": "#332922",
      "bgcolor": "#593930"
    }
  ],
  "links": [
    [
      2,
      2,
      0,
      3,
      0,
      "UPSCALE_MODEL"
    ],
    [
      8,
      9,
      0,
      3,
      1,
      "IMAGE"
    ],
    [
      10,
      9,
      3,
      11,
      0,
      "VHS_VIDEOINFO"
    ],
    [
      11,
      11,
      5,
      10,
      4,
      "FLOAT,INT"
    ],
    [
      12,
      3,
      0,
      10,
      0,
      "IMAGE"
    ]
  ],
  "groups": [],
  "config": {},
  "extra": {
    "ds": {
      "scale": 0.8533567694814415,
      "offset": [
        1031.0039469401042,
        846.190715833642
      ]
    },
    "VHS_latentpreview": false,
    "VHS_latentpreviewrate": 0,
    "VHS_MetadataImage": true,
    "VHS_KeepIntermediate": true
  },
  "version": 0.4
}