{
  "id": "58516894-1ec7-47d2-bc6c-0a6b7e152633",
  "revision": 0,
  "last_node_id": 8,
  "last_link_id": 10,
  "nodes": [
    {
      "id": 1,
      "type": "MarkdownNote",
      "pos": [
        -179.3393096923828,
        116.21107482910156
      ],
      "size": [
        432.82000732421875,
        450.9147033691406
      ],
      "flags": {},
      "order": 0,
      "mode": 0,
      "inputs": [],
      "outputs": [],
      "properties": {},
      "widgets_values": [
        "# モデル\n自動でダウンロードされるはずです。\n\n# カスタムノード\n- [ComfyUI-Frame-Interpolotion](https://github.com/Fannovel16/ComfyUI-Frame-Interpolation)"
      ],
      "color": "#432",
      "bgcolor": "#653"
    },
    {
      "id": 6,
      "type": "DownloadAndLoadDepthAnythingV2Model",
      "pos": [
        362.3776550292969,
        -47.76811981201172
      ],
      "size": [
        441,
        58
      ],
      "flags": {},
      "order": 1,
      "mode": 0,
      "inputs": [],
      "outputs": [
        {
          "name": "da_v2_model",
          "type": "DAMODEL",
          "links": [
            5
          ]
        }
      ],
      "properties": {
        "cnr_id": "comfyui-depthanythingv2",
        "ver": "9d7cb8c1e53b01744a75b599d3e91c93464a2d33",
        "Node name for S&R": "DownloadAndLoadDepthAnythingV2Model"
      },
      "widgets_values": [
        "depth_anything_v2_vitl_fp32.safetensors"
      ],
      "color": "#232",
      "bgcolor": "#353"
    },
    {
      "id": 5,
      "type": "DepthAnything_V2",
      "pos": [
        890.9177856445312,
        -50.696319580078125
      ],
      "size": [
        214.20001220703125,
        46
      ],
      "flags": {},
      "order": 3,
      "mode": 0,
      "inputs": [
        {
          "name": "da_model",
          "type": "DAMODEL",
          "link": 5
        },
        {
          "name": "images",
          "type": "IMAGE",
          "link": 3
        }
      ],
      "outputs": [
        {
          "name": "image",
          "type": "IMAGE",
          "links": [
            7
          ]
        }
      ],
      "properties": {
        "cnr_id": "comfyui-depthanythingv2",
        "ver": "9d7cb8c1e53b01744a75b599d3e91c93464a2d33",
        "Node name for S&R": "DepthAnything_V2"
      },
      "widgets_values": []
    },
    {
      "id": 7,
      "type": "StereoImageNode",
      "pos": [
        894.8382568359375,
        148.04620361328125
      ],
      "size": [
        405.5999755859375,
        286
      ],
      "flags": {},
      "order": 5,
      "mode": 0,
      "inputs": [
        {
          "name": "image",
          "type": "IMAGE",
          "link": 6
        },
        {
          "name": "depth_map",
          "type": "IMAGE",
          "link": 7
        }
      ],
      "outputs": [
        {
          "name": "stereoscope",
          "type": "IMAGE",
          "links": [
            8
          ]
        },
        {
          "name": "blurred_depthmap_left",
          "type": "IMAGE",
          "links": null
        },
        {
          "name": "blurred_depthmap_right",
          "type": "IMAGE",
          "links": null
        },
        {
          "name": "no_fill_imperfect_mask",
          "type": "MASK",
          "links": null
        }
      ],
      "properties": {
        "cnr_id": "comfystereo",
        "ver": "1.2.2",
        "Node name for S&R": "StereoImageNode"
      },
      "widgets_values": [
        "left-right",
        "Fill - Polylines Soft",
        3.5,
        0,
        0,
        2,
        true,
        6
      ],
      "color": "#232",
      "bgcolor": "#353"
    },
    {
      "id": 2,
      "type": "VHS_LoadVideo",
      "pos": [
        366.7699279785156,
        122.06745910644531
      ],
      "size": [
        252.056640625,
        633.075439453125
      ],
      "flags": {},
      "order": 2,
      "mode": 0,
      "inputs": [
        {
          "name": "meta_batch",
          "shape": 7,
          "type": "VHS_BatchManager",
          "link": null
        },
        {
          "name": "vae",
          "shape": 7,
          "type": "VAE",
          "link": null
        }
      ],
      "outputs": [
        {
          "name": "IMAGE",
          "type": "IMAGE",
          "links": [
            3,
            6
          ]
        },
        {
          "name": "frame_count",
          "type": "INT",
          "links": null
        },
        {
          "name": "audio",
          "type": "AUDIO",
          "links": null
        },
        {
          "name": "video_info",
          "type": "VHS_VIDEOINFO",
          "links": [
            9
          ]
        }
      ],
      "properties": {
        "cnr_id": "comfyui-videohelpersuite",
        "ver": "c9dcc3a229437df232d61da4f9697c87c1f22428",
        "Node name for S&R": "VHS_LoadVideo"
      },
      "widgets_values": {
        "video": "Video_00004.mp4",
        "force_rate": 0,
        "custom_width": 0,
        "custom_height": 0,
        "frame_load_cap": 0,
        "skip_first_frames": 0,
        "select_every_nth": 1,
        "format": "Hunyuan",
        "choose video to upload": "image",
        "videopreview": {
          "hidden": false,
          "paused": false,
          "params": {
            "force_rate": 0,
            "custom_width": 0,
            "custom_height": 0,
            "frame_load_cap": 0,
            "skip_first_frames": 0,
            "select_every_nth": 1,
            "filename": "Video_00004.mp4",
            "type": "input",
            "format": "video/mp4"
          }
        }
      },
      "color": "#332922",
      "bgcolor": "#593930"
    },
    {
      "id": 8,
      "type": "VHS_VideoInfo",
      "pos": [
        931.786376953125,
        594.9119873046875
      ],
      "size": [
        262,
        206
      ],
      "flags": {},
      "order": 4,
      "mode": 0,
      "inputs": [
        {
          "name": "video_info",
          "type": "VHS_VIDEOINFO",
          "link": 9
        }
      ],
      "outputs": [
        {
          "name": "source_fps🟨",
          "type": "FLOAT",
          "links": null
        },
        {
          "name": "source_frame_count🟨",
          "type": "INT",
          "links": null
        },
        {
          "name": "source_duration🟨",
          "type": "FLOAT",
          "links": null
        },
        {
          "name": "source_width🟨",
          "type": "INT",
          "links": null
        },
        {
          "name": "source_height🟨",
          "type": "INT",
          "links": null
        },
        {
          "name": "loaded_fps🟦",
          "type": "FLOAT",
          "links": [
            10
          ]
        },
        {
          "name": "loaded_frame_count🟦",
          "type": "INT",
          "links": null
        },
        {
          "name": "loaded_duration🟦",
          "type": "FLOAT",
          "links": null
        },
        {
          "name": "loaded_width🟦",
          "type": "INT",
          "links": null
        },
        {
          "name": "loaded_height🟦",
          "type": "INT",
          "links": null
        }
      ],
      "properties": {
        "cnr_id": "comfyui-videohelpersuite",
        "ver": "df55f01d1df2f7bf5cc772294bc2e6d8bab22d66",
        "Node name for S&R": "VHS_VideoInfo"
      },
      "widgets_values": {}
    },
    {
      "id": 4,
      "type": "VHS_VideoCombine",
      "pos": [
        1466.309326171875,
        81.07263946533203
      ],
      "size": [
        219.3603515625,
        334
      ],
      "flags": {},
      "order": 6,
      "mode": 0,
      "inputs": [
        {
          "name": "images",
          "type": "IMAGE",
          "link": 8
        },
        {
          "name": "audio",
          "shape": 7,
          "type": "AUDIO",
          "link": null
        },
        {
          "name": "meta_batch",
          "shape": 7,
          "type": "VHS_BatchManager",
          "link": null
        },
        {
          "name": "vae",
          "shape": 7,
          "type": "VAE",
          "link": null
        },
        {
          "name": "frame_rate",
          "type": "FLOAT,INT",
          "widget": {
            "name": "frame_rate"
          },
          "link": 10
        }
      ],
      "outputs": [
        {
          "name": "Filenames",
          "type": "VHS_FILENAMES",
          "links": null
        }
      ],
      "properties": {
        "cnr_id": "comfyui-videohelpersuite",
        "ver": "c9dcc3a229437df232d61da4f9697c87c1f22428",
        "Node name for S&R": "VHS_VideoCombine"
      },
      "widgets_values": {
        "frame_rate": 72,
        "loop_count": 0,
        "filename_prefix": "Video",
        "format": "video/h264-mp4",
        "pix_fmt": "yuv420p",
        "crf": 17,
        "save_metadata": true,
        "trim_to_audio": false,
        "pingpong": false,
        "save_output": true,
        "videopreview": {
          "hidden": false,
          "paused": false,
          "params": {
            "filename": "HunyuanVideo_00005.mp4",
            "subfolder": "",
            "type": "output",
            "format": "video/h264-mp4",
            "frame_rate": 72,
            "workflow": "HunyuanVideo_00005.png",
            "fullpath": "/Volumes/HIDISC SSD/ComfyUI/output/HunyuanVideo_00005.mp4"
          }
        }
      },
      "color": "#232",
      "bgcolor": "#353"
    }
  ],
  "links": [
    [
      3,
      2,
      0,
      5,
      1,
      "IMAGE"
    ],
    [
      5,
      6,
      0,
      5,
      0,
      "DAMODEL"
    ],
    [
      6,
      2,
      0,
      7,
      0,
      "IMAGE"
    ],
    [
      7,
      5,
      0,
      7,
      1,
      "IMAGE"
    ],
    [
      8,
      7,
      0,
      4,
      0,
      "IMAGE"
    ],
    [
      9,
      2,
      3,
      8,
      0,
      "VHS_VIDEOINFO"
    ],
    [
      10,
      8,
      5,
      4,
      4,
      "FLOAT,INT"
    ]
  ],
  "groups": [],
  "config": {},
  "extra": {
    "ds": {
      "scale": 0.6920473039065681,
      "offset": [
        367.5570559516985,
        246.34740934432958
      ]
    },
    "VHS_latentpreview": false,
    "VHS_latentpreviewrate": 0,
    "VHS_MetadataImage": true,
    "VHS_KeepIntermediate": true
  },
  "version": 0.4
}